{"ENV_Train_TotalLoss": 825.2524276336885, "ENV_Train_TotalLoss_epoch0": 922.6725644012621, "ENV_Train_Right action": 0.8342745317305004, "ENV_Train_Right action_epoch0": 0.8108988245817551, "ENV_Train_Probability to choose the right action": 0.7663391048760454, "ENV_Train_Probability to choose the right action_epoch0": 0.7364089976652495, "ENV_Train_Weighted right action": 0.8342745317305004, "ENV_Train_Weighted right action_epoch0": 0.8108988245817551, "ENV_Train_Weighted probability to choose the right action:": 0.7663391048760454, "ENV_Train_Weighted probability to choose the right action:_epoch0": 0.7364089976652495, "_timestamp": 1720858599.2677212, "_runtime": 192.87237906455994, "_step": 3, "ENV_Test_TotalLoss": 186.17355861025285, "ENV_Test_TotalLoss_epoch0": 185.69576293036528, "ENV_Test_Right action": 0.83776, "ENV_Test_Right action_epoch0": 0.82816, "ENV_Test_Probability to choose the right action": 0.7887987014833344, "ENV_Test_Probability to choose the right action_epoch0": 0.7722135158375997, "ENV_Test_Weighted right action": 0.8638487612589185, "ENV_Test_Weighted right action_epoch0": 0.8580451367464107, "ENV_Test_Weighted probability to choose the right action:": 0.8175010880785163, "ENV_Test_Weighted probability to choose the right action:_epoch0": 0.8060028225639587, "ENV_Test_proba_accuracy": 0.7887987014833348, "ENV_Test_proba_accuracy_epoch0": 0.7722135158376002, "ENV_Test_proba_accuracy_strategy_132": 0.8293237615724375, "ENV_Test_proba_accuracy_strategy_132_epoch0": 0.8182154511105297, "ENV_Test_proba_accuracy_strategy_23": 0.7965836563729842, "ENV_Test_proba_accuracy_strategy_23_epoch0": 0.7751204084219435, "ENV_Test_proba_accuracy_strategy_107": 0.8457056677143753, "ENV_Test_proba_accuracy_strategy_107_epoch0": 0.8430094398298358, "ENV_Test_proba_accuracy_strategy_43": 0.777782553300374, "ENV_Test_proba_accuracy_strategy_43_epoch0": 0.7685702851733043, "ENV_Test_proba_accuracy_strategy_17": 0.7589769729227346, "ENV_Test_proba_accuracy_strategy_17_epoch0": 0.7402024304136527, "ENV_Test_proba_accuracy_strategy_93": 0.7836299446762454, "ENV_Test_proba_accuracy_strategy_93_epoch0": 0.7764031013094476, "ENV_Test_proba_accuracy_per_mean_strategy": 0.7986670927598585, "ENV_Test_proba_accuracy_per_mean_strategy_epoch0": 0.786920186043119, "ENV_Test_proba_accuracy_per_mean_user": 0.7975800351750599, "ENV_Test_proba_accuracy_per_mean_user_epoch0": 0.7836804108573877, "ENV_Test_proba_accuracy_per_mean_user_and_bot": 0.817501088078515, "ENV_Test_proba_accuracy_per_mean_user_and_bot_epoch0": 0.8060028225639602, "ENV_Test_accuracy": 0.83776, "ENV_Test_accuracy_epoch0": 0.82816, "ENV_Test_accuracy_strategy_132": 0.8742209631728045, "ENV_Test_accuracy_strategy_132_epoch0": 0.863456090651558, "ENV_Test_accuracy_strategy_23": 0.8494102439812571, "ENV_Test_accuracy_strategy_23_epoch0": 0.8392308935207626, "ENV_Test_accuracy_strategy_107": 0.8866995073891626, "ENV_Test_accuracy_strategy_107_epoch0": 0.8883415435139573, "ENV_Test_accuracy_strategy_43": 0.8263358778625954, "ENV_Test_accuracy_strategy_43_epoch0": 0.8097964376590331, "ENV_Test_accuracy_strategy_17": 0.8039927404718693, "ENV_Test_accuracy_strategy_17_epoch0": 0.7937840290381125, "ENV_Test_accuracy_strategy_93": 0.8382624768946395, "ENV_Test_accuracy_strategy_93_epoch0": 0.8401109057301294, "ENV_Test_accuracy_per_mean_strategy": 0.846486968295388, "ENV_Test_accuracy_per_mean_strategy_epoch0": 0.8391199833522588, "ENV_Test_accuracy_per_mean_user": 0.8448066216065256, "ENV_Test_accuracy_per_mean_user_epoch0": 0.83856807106878, "ENV_Test_accuracy_per_mean_user_and_bot": 0.8638487612589193, "ENV_Test_accuracy_per_mean_user_and_bot_epoch0": 0.8580451367464109, "ENV_Train_TotalLoss_epoch1": 825.2524276336885, "ENV_Train_Right action_epoch1": 0.8342745317305004, "ENV_Train_Probability to choose the right action_epoch1": 0.7663391048760454, "ENV_Train_Weighted right action_epoch1": 0.8342745317305004, "ENV_Train_Weighted probability to choose the right action:_epoch1": 0.7663391048760454, "ENV_Test_TotalLoss_epoch1": 186.17355861025285, "ENV_Test_Right action_epoch1": 0.83776, "ENV_Test_Probability to choose the right action_epoch1": 0.7887987014833344, "ENV_Test_Weighted right action_epoch1": 0.8638487612589185, "ENV_Test_Weighted probability to choose the right action:_epoch1": 0.8175010880785163, "ENV_Test_proba_accuracy_epoch1": 0.7887987014833348, "ENV_Test_proba_accuracy_strategy_132_epoch1": 0.8293237615724375, "ENV_Test_proba_accuracy_strategy_23_epoch1": 0.7965836563729842, "ENV_Test_proba_accuracy_strategy_107_epoch1": 0.8457056677143753, "ENV_Test_proba_accuracy_strategy_43_epoch1": 0.777782553300374, "ENV_Test_proba_accuracy_strategy_17_epoch1": 0.7589769729227346, "ENV_Test_proba_accuracy_strategy_93_epoch1": 0.7836299446762454, "ENV_Test_proba_accuracy_per_mean_strategy_epoch1": 0.7986670927598585, "ENV_Test_proba_accuracy_per_mean_user_epoch1": 0.7975800351750599, "ENV_Test_proba_accuracy_per_mean_user_and_bot_epoch1": 0.817501088078515, "ENV_Test_accuracy_epoch1": 0.83776, "ENV_Test_accuracy_strategy_132_epoch1": 0.8742209631728045, "ENV_Test_accuracy_strategy_23_epoch1": 0.8494102439812571, "ENV_Test_accuracy_strategy_107_epoch1": 0.8866995073891626, "ENV_Test_accuracy_strategy_43_epoch1": 0.8263358778625954, "ENV_Test_accuracy_strategy_17_epoch1": 0.8039927404718693, "ENV_Test_accuracy_strategy_93_epoch1": 0.8382624768946395, "ENV_Test_accuracy_per_mean_strategy_epoch1": 0.846486968295388, "ENV_Test_accuracy_per_mean_user_epoch1": 0.8448066216065256, "ENV_Test_accuracy_per_mean_user_and_bot_epoch1": 0.8638487612589193}