{"ENV_Train_TotalLoss": 919.7874255333074, "ENV_Train_TotalLoss_epoch0": 919.7874255333074, "ENV_Train_Right action": 0.810465555074145, "ENV_Train_Right action_epoch0": 0.810465555074145, "ENV_Train_Probability to choose the right action": 0.73711158080226, "ENV_Train_Probability to choose the right action_epoch0": 0.73711158080226, "ENV_Train_Weighted right action": 0.810465555074145, "ENV_Train_Weighted right action_epoch0": 0.810465555074145, "ENV_Train_Weighted probability to choose the right action:": 0.73711158080226, "ENV_Train_Weighted probability to choose the right action:_epoch0": 0.73711158080226, "_timestamp": 1720775369.223157, "_runtime": 83.2100179195404, "_step": 0}