{"ENV_Train_TotalLoss": 824.7781858216608, "ENV_Train_TotalLoss_epoch0": 925.3248420175297, "ENV_Train_Right action": 0.8340507602862254, "ENV_Train_Right action_epoch0": 0.8096356241351839, "ENV_Train_Probability to choose the right action": 0.7659505469135218, "ENV_Train_Probability to choose the right action_epoch0": 0.7350989203205783, "ENV_Train_Weighted right action": 0.8340507602862254, "ENV_Train_Weighted right action_epoch0": 0.8096356241351839, "ENV_Train_Weighted probability to choose the right action:": 0.7659505469135218, "ENV_Train_Weighted probability to choose the right action:_epoch0": 0.7350989203205783, "_timestamp": 1720346810.9300997, "_runtime": 168.4840817451477, "_step": 3, "ENV_Test_TotalLoss": 177.80254568885206, "ENV_Test_TotalLoss_epoch0": 190.04553548260992, "ENV_Test_Right action": 0.841472, "ENV_Test_Right action_epoch0": 0.821696, "ENV_Test_Probability to choose the right action": 0.7787416378465486, "ENV_Test_Probability to choose the right action_epoch0": 0.7702950607893362, "ENV_Test_Weighted right action": 0.8668924431684233, "ENV_Test_Weighted right action_epoch0": 0.8543418981608228, "ENV_Test_Weighted probability to choose the right action:": 0.8070800931339462, "ENV_Test_Weighted probability to choose the right action:_epoch0": 0.8041431558973894, "ENV_Test_proba_accuracy": 0.7787416378465486, "ENV_Test_proba_accuracy_epoch0": 0.7702950607893364, "ENV_Test_proba_accuracy_strategy_132": 0.8220570633831249, "ENV_Test_proba_accuracy_strategy_132_epoch0": 0.8163371312025296, "ENV_Test_proba_accuracy_strategy_23": 0.7817883511006734, "ENV_Test_proba_accuracy_strategy_23_epoch0": 0.7719220261743329, "ENV_Test_proba_accuracy_strategy_107": 0.8377413379151951, "ENV_Test_proba_accuracy_strategy_107_epoch0": 0.8402170998168934, "ENV_Test_proba_accuracy_strategy_43": 0.7738477998883888, "ENV_Test_proba_accuracy_strategy_43_epoch0": 0.7680068739567801, "ENV_Test_proba_accuracy_strategy_17": 0.7502199315329119, "ENV_Test_proba_accuracy_strategy_17_epoch0": 0.7402422422822101, "ENV_Test_proba_accuracy_strategy_93": 0.7807547089714061, "ENV_Test_proba_accuracy_strategy_93_epoch0": 0.7722856235114981, "ENV_Test_proba_accuracy_per_mean_strategy": 0.7910681987986167, "ENV_Test_proba_accuracy_per_mean_strategy_epoch0": 0.7848351661573739, "ENV_Test_proba_accuracy_per_mean_user": 0.7884772123443348, "ENV_Test_proba_accuracy_per_mean_user_epoch0": 0.7828608345577194, "ENV_Test_proba_accuracy_per_mean_user_and_bot": 0.8070800931339464, "ENV_Test_proba_accuracy_per_mean_user_and_bot_epoch0": 0.8041431558973899, "ENV_Test_accuracy": 0.841472, "ENV_Test_accuracy_epoch0": 0.821696, "ENV_Test_accuracy_strategy_132": 0.8736543909348442, "ENV_Test_accuracy_strategy_132_epoch0": 0.8640226628895185, "ENV_Test_accuracy_strategy_23": 0.8529649377928583, "ENV_Test_accuracy_strategy_23_epoch0": 0.8308288899660689, "ENV_Test_accuracy_strategy_107": 0.8916256157635468, "ENV_Test_accuracy_strategy_107_epoch0": 0.896551724137931, "ENV_Test_accuracy_strategy_43": 0.8320610687022901, "ENV_Test_accuracy_strategy_43_epoch0": 0.8136132315521628, "ENV_Test_accuracy_strategy_17": 0.808076225045372, "ENV_Test_accuracy_strategy_17_epoch0": 0.7851633393829401, "ENV_Test_accuracy_strategy_93": 0.844731977818854, "ENV_Test_accuracy_strategy_93_epoch0": 0.8188539741219963, "ENV_Test_accuracy_per_mean_strategy": 0.8505190360096275, "ENV_Test_accuracy_per_mean_strategy_epoch0": 0.8348389703417696, "ENV_Test_accuracy_per_mean_user": 0.850185150772995, "ENV_Test_accuracy_per_mean_user_epoch0": 0.835084606543845, "ENV_Test_accuracy_per_mean_user_and_bot": 0.8668924431684234, "ENV_Test_accuracy_per_mean_user_and_bot_epoch0": 0.8543418981608232, "ENV_Train_TotalLoss_epoch1": 824.7781858216608, "ENV_Train_Right action_epoch1": 0.8340507602862254, "ENV_Train_Probability to choose the right action_epoch1": 0.7659505469135218, "ENV_Train_Weighted right action_epoch1": 0.8340507602862254, "ENV_Train_Weighted probability to choose the right action:_epoch1": 0.7659505469135218, "ENV_Test_TotalLoss_epoch1": 177.80254568885206, "ENV_Test_Right action_epoch1": 0.841472, "ENV_Test_Probability to choose the right action_epoch1": 0.7787416378465486, "ENV_Test_Weighted right action_epoch1": 0.8668924431684233, "ENV_Test_Weighted probability to choose the right action:_epoch1": 0.8070800931339462, "ENV_Test_proba_accuracy_epoch1": 0.7787416378465486, "ENV_Test_proba_accuracy_strategy_132_epoch1": 0.8220570633831249, "ENV_Test_proba_accuracy_strategy_23_epoch1": 0.7817883511006734, "ENV_Test_proba_accuracy_strategy_107_epoch1": 0.8377413379151951, "ENV_Test_proba_accuracy_strategy_43_epoch1": 0.7738477998883888, "ENV_Test_proba_accuracy_strategy_17_epoch1": 0.7502199315329119, "ENV_Test_proba_accuracy_strategy_93_epoch1": 0.7807547089714061, "ENV_Test_proba_accuracy_per_mean_strategy_epoch1": 0.7910681987986167, "ENV_Test_proba_accuracy_per_mean_user_epoch1": 0.7884772123443348, "ENV_Test_proba_accuracy_per_mean_user_and_bot_epoch1": 0.8070800931339464, "ENV_Test_accuracy_epoch1": 0.841472, "ENV_Test_accuracy_strategy_132_epoch1": 0.8736543909348442, "ENV_Test_accuracy_strategy_23_epoch1": 0.8529649377928583, "ENV_Test_accuracy_strategy_107_epoch1": 0.8916256157635468, "ENV_Test_accuracy_strategy_43_epoch1": 0.8320610687022901, "ENV_Test_accuracy_strategy_17_epoch1": 0.808076225045372, "ENV_Test_accuracy_strategy_93_epoch1": 0.844731977818854, "ENV_Test_accuracy_per_mean_strategy_epoch1": 0.8505190360096275, "ENV_Test_accuracy_per_mean_user_epoch1": 0.850185150772995, "ENV_Test_accuracy_per_mean_user_and_bot_epoch1": 0.8668924431684234, "_wandb": {"runtime": 184}}