{"ENV_Train_TotalLoss": 134.4176918364452, "ENV_Train_TotalLoss_epoch0": 134.4176918364452, "ENV_Train_Right action": 0.9729835497351466, "ENV_Train_Right action_epoch0": 0.9729835497351466, "ENV_Train_Probability to choose the right action": 0.9615724668407379, "ENV_Train_Probability to choose the right action_epoch0": 0.9615724668407379, "ENV_Train_Weighted right action": 0.9729835497351466, "ENV_Train_Weighted right action_epoch0": 0.9729835497351466, "ENV_Train_Weighted probability to choose the right action:": 0.9615724668407379, "ENV_Train_Weighted probability to choose the right action:_epoch0": 0.9615724668407379, "_timestamp": 1721502012.7146387, "_runtime": 51.56260681152344, "_step": 0}