{"ENV_Train_TotalLoss": 986.4890941210722, "ENV_Train_TotalLoss_epoch0": 1166.184335663602, "ENV_Train_Right action": 0.7979426686606381, "ENV_Train_Right action_epoch0": 0.7462717857691932, "ENV_Train_Probability to choose the right action": 0.7198313601702915, "ENV_Train_Probability to choose the right action_epoch0": 0.657384498450087, "ENV_Train_Weighted right action": 0.7979426686606381, "ENV_Train_Weighted right action_epoch0": 0.7462717857691932, "ENV_Train_Weighted probability to choose the right action:": 0.7198313601702915, "ENV_Train_Weighted probability to choose the right action:_epoch0": 0.657384498450087, "_timestamp": 1721486417.1246662, "_runtime": 966.6659553050995, "_step": 15, "ENV_Test_TotalLoss": 231.2328037682397, "ENV_Test_TotalLoss_epoch0": 242.41466352363386, "ENV_Test_Right action": 0.779712, "ENV_Test_Right action_epoch0": 0.77056, "ENV_Test_Probability to choose the right action": 0.7231732752343992, "ENV_Test_Probability to choose the right action_epoch0": 0.706587403195644, "ENV_Test_Weighted right action": 0.8303105859606852, "ENV_Test_Weighted right action_epoch0": 0.8181190849981598, "ENV_Test_Weighted probability to choose the right action:": 0.7672515939077311, "ENV_Test_Weighted probability to choose the right action:_epoch0": 0.7500564422293469, "ENV_Test_proba_accuracy": 0.7231732752343981, "ENV_Test_proba_accuracy_epoch0": 0.7065874031956443, "ENV_Test_proba_accuracy_strategy_132": 0.7672081834406501, "ENV_Test_proba_accuracy_strategy_132_epoch0": 0.7469421162520236, "ENV_Test_proba_accuracy_strategy_23": 0.7243304461446425, "ENV_Test_proba_accuracy_strategy_23_epoch0": 0.7048455195275078, "ENV_Test_proba_accuracy_strategy_107": 0.8176943736952839, "ENV_Test_proba_accuracy_strategy_107_epoch0": 0.798359437174815, "ENV_Test_proba_accuracy_strategy_43": 0.7313862302989635, "ENV_Test_proba_accuracy_strategy_43_epoch0": 0.717784308528811, "ENV_Test_proba_accuracy_strategy_17": 0.6870548886831633, "ENV_Test_proba_accuracy_strategy_17_epoch0": 0.6752247204417794, "ENV_Test_proba_accuracy_strategy_93": 0.7267337094729651, "ENV_Test_proba_accuracy_strategy_93_epoch0": 0.7105711843227879, "ENV_Test_proba_accuracy_per_mean_strategy": 0.7424013052892781, "ENV_Test_proba_accuracy_per_mean_strategy_epoch0": 0.7256212143746209, "ENV_Test_proba_accuracy_per_mean_user": 0.7334323559902467, "ENV_Test_proba_accuracy_per_mean_user_epoch0": 0.7175108231898931, "ENV_Test_proba_accuracy_per_mean_user_and_bot": 0.7672515939077311, "ENV_Test_proba_accuracy_per_mean_user_and_bot_epoch0": 0.7500564422293464, "ENV_Test_accuracy": 0.779712, "ENV_Test_accuracy_epoch0": 0.77056, "ENV_Test_accuracy_strategy_132": 0.8181303116147309, "ENV_Test_accuracy_strategy_132_epoch0": 0.8005665722379603, "ENV_Test_accuracy_strategy_23": 0.7836484084666343, "ENV_Test_accuracy_strategy_23_epoch0": 0.7736306349975763, "ENV_Test_accuracy_strategy_107": 0.8784893267651889, "ENV_Test_accuracy_strategy_107_epoch0": 0.8653530377668309, "ENV_Test_accuracy_strategy_43": 0.7970737913486005, "ENV_Test_accuracy_strategy_43_epoch0": 0.7843511450381679, "ENV_Test_accuracy_strategy_17": 0.7402450090744102, "ENV_Test_accuracy_strategy_17_epoch0": 0.7357078039927405, "ENV_Test_accuracy_strategy_93": 0.7744916820702403, "ENV_Test_accuracy_strategy_93_epoch0": 0.7726432532347505, "ENV_Test_accuracy_per_mean_strategy": 0.7986797548899675, "ENV_Test_accuracy_per_mean_strategy_epoch0": 0.7887087412113377, "ENV_Test_accuracy_per_mean_user": 0.7923157400387869, "ENV_Test_accuracy_per_mean_user_epoch0": 0.7817216230080597, "ENV_Test_accuracy_per_mean_user_and_bot": 0.8303105859606865, "ENV_Test_accuracy_per_mean_user_and_bot_epoch0": 0.8181190849981607, "ENV_Train_TotalLoss_epoch1": 1071.1966105045976, "ENV_Train_Right action_epoch1": 0.7759714844842046, "ENV_Train_Probability to choose the right action_epoch1": 0.6926745734350325, "ENV_Train_Weighted right action_epoch1": 0.7759714844842046, "ENV_Train_Weighted probability to choose the right action:_epoch1": 0.6926745734350325, "ENV_Test_TotalLoss_epoch1": 232.94530898385565, "ENV_Test_Right action_epoch1": 0.780224, "ENV_Test_Probability to choose the right action_epoch1": 0.7156090530535937, "ENV_Test_Weighted right action_epoch1": 0.8247890192887652, "ENV_Test_Weighted probability to choose the right action:_epoch1": 0.7567528729139302, "ENV_Test_proba_accuracy_epoch1": 0.7156090530535935, "ENV_Test_proba_accuracy_strategy_132_epoch1": 0.7562312280539786, "ENV_Test_proba_accuracy_strategy_23_epoch1": 0.7155866375721897, "ENV_Test_proba_accuracy_strategy_107_epoch1": 0.8056373596303852, "ENV_Test_proba_accuracy_strategy_43_epoch1": 0.7212640318046163, "ENV_Test_proba_accuracy_strategy_17_epoch1": 0.6839777405207086, "ENV_Test_proba_accuracy_strategy_93_epoch1": 0.7194487488778188, "ENV_Test_proba_accuracy_per_mean_strategy_epoch1": 0.733690957743283, "ENV_Test_proba_accuracy_per_mean_user_epoch1": 0.7246571146538996, "ENV_Test_proba_accuracy_per_mean_user_and_bot_epoch1": 0.7567528729139299, "ENV_Test_accuracy_epoch1": 0.780224, "ENV_Test_accuracy_strategy_132_epoch1": 0.8090651558073655, "ENV_Test_accuracy_strategy_23_epoch1": 0.7833252544837616, "ENV_Test_accuracy_strategy_107_epoch1": 0.8768472906403941, "ENV_Test_accuracy_strategy_43_epoch1": 0.7919847328244275, "ENV_Test_accuracy_strategy_17_epoch1": 0.7431941923774955, "ENV_Test_accuracy_strategy_93_epoch1": 0.7948243992606284, "ENV_Test_accuracy_per_mean_strategy_epoch1": 0.7998735042323454, "ENV_Test_accuracy_per_mean_user_epoch1": 0.7889235389821561, "ENV_Test_accuracy_per_mean_user_and_bot_epoch1": 0.8247890192887664, "ENV_Train_TotalLoss_epoch2": 1050.755366958398, "ENV_Train_Right action_epoch2": 0.7800894229425737, "ENV_Train_Probability to choose the right action_epoch2": 0.699229975303096, "ENV_Train_Weighted right action_epoch2": 0.7800894229425737, "ENV_Train_Weighted probability to choose the right action:_epoch2": 0.699229975303096, "ENV_Test_TotalLoss_epoch2": 233.49508466929765, "ENV_Test_Right action_epoch2": 0.778688, "ENV_Test_Probability to choose the right action_epoch2": 0.7168727578967773, "ENV_Test_Weighted right action_epoch2": 0.8231132054006253, "ENV_Test_Weighted probability to choose the right action:_epoch2": 0.7608216352647168, "ENV_Test_proba_accuracy_epoch2": 0.7168727578967758, "ENV_Test_proba_accuracy_strategy_132_epoch2": 0.7614597048885225, "ENV_Test_proba_accuracy_strategy_23_epoch2": 0.7155987208459278, "ENV_Test_proba_accuracy_strategy_107_epoch2": 0.8152725541746226, "ENV_Test_proba_accuracy_strategy_43_epoch2": 0.7299692474766691, "ENV_Test_proba_accuracy_strategy_17_epoch2": 0.6816026433864608, "ENV_Test_proba_accuracy_strategy_93_epoch2": 0.720705069427212, "ENV_Test_proba_accuracy_per_mean_strategy_epoch2": 0.7374346566999025, "ENV_Test_proba_accuracy_per_mean_user_epoch2": 0.7274035452745251, "ENV_Test_proba_accuracy_per_mean_user_and_bot_epoch2": 0.7608216352647165, "ENV_Test_accuracy_epoch2": 0.778688, "ENV_Test_accuracy_strategy_132_epoch2": 0.8101983002832861, "ENV_Test_accuracy_strategy_23_epoch2": 0.7820326385522701, "ENV_Test_accuracy_strategy_107_epoch2": 0.8719211822660099, "ENV_Test_accuracy_strategy_43_epoch2": 0.7913486005089059, "ENV_Test_accuracy_strategy_17_epoch2": 0.7422867513611615, "ENV_Test_accuracy_strategy_93_epoch2": 0.7855822550831792, "ENV_Test_accuracy_per_mean_strategy_epoch2": 0.7972282880091354, "ENV_Test_accuracy_per_mean_user_epoch2": 0.7886877653055124, "ENV_Test_accuracy_per_mean_user_and_bot_epoch2": 0.8231132054006255, "ENV_Train_TotalLoss_epoch3": 1032.7086860327804, "ENV_Train_Right action_epoch3": 0.7850054510384927, "ENV_Train_Probability to choose the right action_epoch3": 0.7045222802036885, "ENV_Train_Weighted right action_epoch3": 0.7850054510384927, "ENV_Train_Weighted probability to choose the right action:_epoch3": 0.7045222802036885, "ENV_Test_TotalLoss_epoch3": 233.32981141558884, "ENV_Test_Right action_epoch3": 0.77824,