{"ENV_Train_TotalLoss": 859.8703616870313, "ENV_Train_TotalLoss_epoch0": 1013.8962809157476, "ENV_Train_Right action": 0.8271321946719593, "ENV_Train_Right action_epoch0": 0.790451299109701, "ENV_Train_Probability to choose the right action": 0.7573749628399711, "ENV_Train_Probability to choose the right action_epoch0": 0.7104880936475011, "ENV_Train_Weighted right action": 0.8271321946719593, "ENV_Train_Weighted right action_epoch0": 0.790451299109701, "ENV_Train_Weighted probability to choose the right action:": 0.7573749628399711, "ENV_Train_Weighted probability to choose the right action:_epoch0": 0.7104880936475011, "_timestamp": 1721573906.3068047, "_runtime": 338.8823666572571, "_step": 7, "ENV_Test_TotalLoss": 204.4702950077676, "ENV_Test_TotalLoss_epoch0": 232.4661474606566, "ENV_Test_Right action": 0.816448, "ENV_Test_Right action_epoch0": 0.791744, "ENV_Test_Probability to choose the right action": 0.7645041520791657, "ENV_Test_Probability to choose the right action_epoch0": 0.7315352140773245, "ENV_Test_Weighted right action": 0.8503368529099361, "ENV_Test_Weighted right action_epoch0": 0.8289119274621357, "ENV_Test_Weighted probability to choose the right action:": 0.80368550652683, "ENV_Test_Weighted probability to choose the right action:_epoch0": 0.7709862006588017, "ENV_Test_proba_accuracy": 0.7645041520791654, "ENV_Test_proba_accuracy_epoch0": 0.7315352140773244, "ENV_Test_proba_accuracy_strategy_132": 0.8111209559034593, "ENV_Test_proba_accuracy_strategy_132_epoch0": 0.7758726978777976, "ENV_Test_proba_accuracy_strategy_23": 0.7626192385602344, "ENV_Test_proba_accuracy_strategy_23_epoch0": 0.7274925367548813, "ENV_Test_proba_accuracy_strategy_107": 0.8448794722909719, "ENV_Test_proba_accuracy_strategy_107_epoch0": 0.8115597504011519, "ENV_Test_proba_accuracy_strategy_43": 0.7691298297126516, "ENV_Test_proba_accuracy_strategy_43_epoch0": 0.7380422539659869, "ENV_Test_proba_accuracy_strategy_17": 0.7356019060637343, "ENV_Test_proba_accuracy_strategy_17_epoch0": 0.704791423433857, "ENV_Test_proba_accuracy_strategy_93": 0.7650291393305302, "ENV_Test_proba_accuracy_strategy_93_epoch0": 0.7367913054553091, "ENV_Test_proba_accuracy_per_mean_strategy": 0.7813967569769303, "ENV_Test_proba_accuracy_per_mean_strategy_epoch0": 0.7490916613148307, "ENV_Test_proba_accuracy_per_mean_user": 0.7766012467031234, "ENV_Test_proba_accuracy_per_mean_user_epoch0": 0.7444824179337406, "ENV_Test_proba_accuracy_per_mean_user_and_bot": 0.8036855065268304, "ENV_Test_proba_accuracy_per_mean_user_and_bot_epoch0": 0.7709862006588022, "ENV_Test_accuracy": 0.816448, "ENV_Test_accuracy_epoch0": 0.791744, "ENV_Test_accuracy_strategy_132": 0.8583569405099151, "ENV_Test_accuracy_strategy_132_epoch0": 0.8254957507082153, "ENV_Test_accuracy_strategy_23": 0.8191953465826466, "ENV_Test_accuracy_strategy_23_epoch0": 0.7883341412182905, "ENV_Test_accuracy_strategy_107": 0.8850574712643678, "ENV_Test_accuracy_strategy_107_epoch0": 0.8587848932676518, "ENV_Test_accuracy_strategy_43": 0.811704834605598, "ENV_Test_accuracy_strategy_43_epoch0": 0.7913486005089059, "ENV_Test_accuracy_strategy_17": 0.7885662431941923, "ENV_Test_accuracy_strategy_17_epoch0": 0.7722323049001815, "ENV_Test_accuracy_strategy_93": 0.8142329020332717, "ENV_Test_accuracy_strategy_93_epoch0": 0.7985212569316081, "ENV_Test_accuracy_per_mean_strategy": 0.8295189563649985, "ENV_Test_accuracy_per_mean_strategy_epoch0": 0.8057861579224755, "ENV_Test_accuracy_per_mean_user": 0.8255681175907803, "ENV_Test_accuracy_per_mean_user_epoch0": 0.8059789400146107, "ENV_Test_accuracy_per_mean_user_and_bot": 0.8503368529099367, "ENV_Test_accuracy_per_mean_user_and_bot_epoch0": 0.8289119274621356, "ENV_Train_TotalLoss_epoch1": 926.8026827960448, "ENV_Train_Right action_epoch1": 0.811168577019849, "ENV_Train_Probability to choose the right action_epoch1": 0.7379527445773629, "ENV_Train_Weighted right action_epoch1": 0.811168577019849, "ENV_Train_Weighted probability to choose the right action:_epoch1": 0.7379527445773629, "ENV_Test_TotalLoss_epoch1": 205.89578253622614, "ENV_Test_Right action_epoch1": 0.809472, "ENV_Test_Probability to choose the right action_epoch1": 0.7508329027788935, "ENV_Test_Weighted right action_epoch1": 0.8439877244105337, "ENV_Test_Weighted probability to choose the right action:_epoch1": 0.7881323871637281, "ENV_Test_proba_accuracy_epoch1": 0.7508329027788935, "ENV_Test_proba_accuracy_strategy_132_epoch1": 0.7925510457445463, "ENV_Test_proba_accuracy_strategy_23_epoch1": 0.7506727952559741, "ENV_Test_proba_accuracy_strategy_107_epoch1": 0.8253877467739059, "ENV_Test_proba_accuracy_strategy_43_epoch1": 0.7466910590514497, "ENV_Test_proba_accuracy_strategy_17_epoch1": 0.7253902489301243, "ENV_Test_proba_accuracy_strategy_93_epoch1": 0.7514028469904698, "ENV_Test_proba_accuracy_per_mean_strategy_epoch1": 0.765349290457745, "ENV_Test_proba_accuracy_per_mean_user_epoch1": 0.7618692798608777, "ENV_Test_proba_accuracy_per_mean_user_and_bot_epoch1": 0.7881323871637286, "ENV_Test_accuracy_epoch1": 0.809472, "ENV_Test_accuracy_strategy_132_epoch1": 0.8470254957507082, "ENV_Test_accuracy_strategy_23_epoch1": 0.8146711908224269, "ENV_Test_accuracy_strategy_107_epoch1": 0.8702791461412152, "ENV_Test_accuracy_strategy_43_epoch1": 0.8091603053435115, "ENV_Test_accuracy_strategy_17_epoch1": 0.7776769509981851, "ENV_Test_accuracy_strategy_93_epoch1": 0.8142329020332717, "ENV_Test_accuracy_per_mean_strategy_epoch1": 0.8221743318482199, "ENV_Test_accuracy_per_mean_user_epoch1": 0.81966064835193, "ENV_Test_accuracy_per_mean_user_and_bot_epoch1": 0.843987724410534, "ENV_Train_TotalLoss_epoch2": 889.6193882573759, "ENV_Train_Right action_epoch2": 0.8207908341483862, "ENV_Train_Probability to choose the right action_epoch2": 0.748786663326051, "ENV_Train_Weighted right action_epoch2": 0.8207908341483862, "ENV_Train_Weighted probability to choose the right action:_epoch2": 0.748786663326051, "ENV_Test_TotalLoss_epoch2": 202.8793964895967, "ENV_Test_Right action_epoch2": 0.813888, "ENV_Test_Probability to choose the right action_epoch2": 0.7534391085829698, "ENV_Test_Weighted right action_epoch2": 0.8493452546034985, "ENV_Test_Weighted probability to choose the right action:_epoch2": 0.7918365778756872, "ENV_Test_proba_accuracy_epoch2": 0.7534391085829705, "ENV_Test_proba_accuracy_strategy_132_epoch2": 0.7982079567462769, "ENV_Test_proba_accuracy_strategy_23_epoch2": 0.7514075356743798, "ENV_Test_proba_accuracy_strategy_107_epoch2": 0.8305418166663151, "ENV_Test_proba_accuracy_strategy_43_epoch2": 0.7526485351973249, "ENV_Test_proba_accuracy_strategy_17_epoch2": 0.7277565088904738, "ENV_Test_proba_accuracy_strategy_93_epoch2": 0.7544118621014883, "ENV_Test_proba_accuracy_per_mean_strategy_epoch2": 0.7691623692127098, "ENV_Test_proba_accuracy_per_mean_user_epoch2": 0.7650349801001373, "ENV_Test_proba_accuracy_per_mean_user_and_bot_epoch2": 0.791836577875687, "ENV_Test_accuracy_epoch2": 0.813888, "ENV_Test_accuracy_strategy_132_epoch2": 0.8521246458923513, "ENV_Test_accuracy_strategy_23_epoch2": 0.8141864598481177, "ENV_Test_accuracy_strategy_107_epoch2": 0.8817733990147784, "ENV_Test_accuracy_strategy_43_epoch2": 0.8059796437659033, "ENV_Test_accuracy_strategy_17_epoch2": 0.7897005444646098, "ENV_Test_accuracy_strategy_93_epoch2": 0.821626617375231, "ENV_Test_accuracy_per_mean_strategy_epoch2": 0.8275652183934986, "ENV_Test_accuracy_per_mean_user_epoch2": 0.8232565723290977, "ENV_Test_accuracy_per_mean_user_and_bot_epoch2": 0.8493452546034991, "ENV_Train_TotalLoss_epoch3": 859.8703616870313, "ENV_Train_Right action_epoch3": 0.8271321946719593, "ENV_Train_Probability to choose the right action_epoch3": 0.7573749628399711, "ENV_Train_Weighted right action_epoch3": 0.8271321946719593, "ENV_Train_Weighted probability to choose the right action:_epoch3": 0.7573749628399711, "ENV_Test_TotalLoss_epoch3": 204.4702950077676, "ENV_Test_Right action_epoch3": 0.816448,