{"ENV_Train_TotalLoss": 1103.1018856794321, "ENV_Train_TotalLoss_epoch0": 1266.3407080933523, "ENV_Train_Right action": 0.7659604203935599, "ENV_Train_Right action_epoch0": 0.7200380159051839, "ENV_Train_Probability to choose the right action": 0.6827676173615839, "ENV_Train_Probability to choose the right action_epoch0": 0.6246989347259696, "ENV_Train_Weighted right action": 0.7659604203935599, "ENV_Train_Weighted right action_epoch0": 0.7200380159051839, "ENV_Train_Weighted probability to choose the right action:": 0.6827676173615839, "ENV_Train_Weighted probability to choose the right action:_epoch0": 0.6246989347259696, "_timestamp": 1722071857.9856992, "_runtime": 485.98004126548767, "_step": 11, "ENV_Test_TotalLoss": 246.9517994942106, "ENV_Test_TotalLoss_epoch0": 275.512838538021, "ENV_Test_Right action": 0.761792, "ENV_Test_Right action_epoch0": 0.725568, "ENV_Test_Probability to choose the right action": 0.7005548365020825, "ENV_Test_Probability to choose the right action_epoch0": 0.6677976467711337, "ENV_Test_Weighted right action": 0.8114325479645186, "ENV_Test_Weighted right action_epoch0": 0.787663597500797, "ENV_Test_Weighted probability to choose the right action:": 0.7443367097736778, "ENV_Test_Weighted probability to choose the right action:_epoch0": 0.7231119135273376, "ENV_Test_proba_accuracy": 0.7005548365020824, "ENV_Test_proba_accuracy_epoch0": 0.6677976467711343, "ENV_Test_proba_accuracy_strategy_132": 0.7466098006126256, "ENV_Test_proba_accuracy_strategy_132_epoch0": 0.737507624430086, "ENV_Test_proba_accuracy_strategy_23": 0.6970707333550765, "ENV_Test_proba_accuracy_strategy_23_epoch0": 0.6518498116623901, "ENV_Test_proba_accuracy_strategy_107": 0.7964369135070412, "ENV_Test_proba_accuracy_strategy_107_epoch0": 0.768365968829782, "ENV_Test_proba_accuracy_strategy_43": 0.7081561485050146, "ENV_Test_proba_accuracy_strategy_43_epoch0": 0.6921808307143643, "ENV_Test_proba_accuracy_strategy_17": 0.6707511017736388, "ENV_Test_proba_accuracy_strategy_17_epoch0": 0.6363046244464619, "ENV_Test_proba_accuracy_strategy_93": 0.7017651119550029, "ENV_Test_proba_accuracy_strategy_93_epoch0": 0.6815756597421622, "ENV_Test_proba_accuracy_per_mean_strategy": 0.7201316349513999, "ENV_Test_proba_accuracy_per_mean_strategy_epoch0": 0.6946307533042076, "ENV_Test_proba_accuracy_per_mean_user": 0.7114495960555065, "ENV_Test_proba_accuracy_per_mean_user_epoch0": 0.6838597887281541, "ENV_Test_proba_accuracy_per_mean_user_and_bot": 0.7443367097736779, "ENV_Test_proba_accuracy_per_mean_user_and_bot_epoch0": 0.7231119135273375, "ENV_Test_accuracy": 0.761792, "ENV_Test_accuracy_epoch0": 0.725568, "ENV_Test_accuracy_strategy_132": 0.8096317280453258, "ENV_Test_accuracy_strategy_132_epoch0": 0.798300283286119, "ENV_Test_accuracy_strategy_23": 0.7639360155113912, "ENV_Test_accuracy_strategy_23_epoch0": 0.7114234932945549, "ENV_Test_accuracy_strategy_107": 0.8604269293924466, "ENV_Test_accuracy_strategy_107_epoch0": 0.8325123152709359, "ENV_Test_accuracy_strategy_43": 0.7729007633587787, "ENV_Test_accuracy_strategy_43_epoch0": 0.7519083969465649, "ENV_Test_accuracy_strategy_17": 0.7223230490018149, "ENV_Test_accuracy_strategy_17_epoch0": 0.6928312159709619, "ENV_Test_accuracy_strategy_93": 0.7606284658040665, "ENV_Test_accuracy_strategy_93_epoch0": 0.722735674676525, "ENV_Test_accuracy_per_mean_strategy": 0.7816411585189705, "ENV_Test_accuracy_per_mean_strategy_epoch0": 0.7516185632409437, "ENV_Test_accuracy_per_mean_user": 0.7744968897949576, "ENV_Test_accuracy_per_mean_user_epoch0": 0.7456577320032542, "ENV_Test_accuracy_per_mean_user_and_bot": 0.8114325479645185, "ENV_Test_accuracy_per_mean_user_and_bot_epoch0": 0.7876635975007974, "ENV_Train_TotalLoss_epoch1": 1163.3740912526744, "ENV_Train_Right action_epoch1": 0.7508946044171093, "ENV_Train_Probability to choose the right action_epoch1": 0.6619298357300708, "ENV_Train_Weighted right action_epoch1": 0.7508946044171093, "ENV_Train_Weighted probability to choose the right action:_epoch1": 0.6619298357300708, "ENV_Test_TotalLoss_epoch1": 256.68375127453623, "ENV_Test_Right action_epoch1": 0.749888, "ENV_Test_Probability to choose the right action_epoch1": 0.6820048505166622, "ENV_Test_Weighted right action_epoch1": 0.8058443662846696, "ENV_Test_Weighted probability to choose the right action:_epoch1": 0.7299616283652955, "ENV_Test_proba_accuracy_epoch1": 0.6820048505166629, "ENV_Test_proba_accuracy_strategy_132_epoch1": 0.7344252654763241, "ENV_Test_proba_accuracy_strategy_23_epoch1": 0.6737252963289404, "ENV_Test_proba_accuracy_strategy_107_epoch1": 0.7769428672233598, "ENV_Test_proba_accuracy_strategy_43_epoch1": 0.6965521921684634, "ENV_Test_proba_accuracy_strategy_17_epoch1": 0.6525572802717564, "ENV_Test_proba_accuracy_strategy_93_epoch1": 0.6892500860550651, "ENV_Test_proba_accuracy_per_mean_strategy_epoch1": 0.703908831253985, "ENV_Test_proba_accuracy_per_mean_user_epoch1": 0.6938584155798606, "ENV_Test_proba_accuracy_per_mean_user_and_bot_epoch1": 0.7299616283652958, "ENV_Test_accuracy_epoch1": 0.749888, "ENV_Test_accuracy_strategy_132_epoch1": 0.8016997167138811, "ENV_Test_accuracy_strategy_23_epoch1": 0.7460009694619486, "ENV_Test_accuracy_strategy_107_epoch1": 0.8587848932676518, "ENV_Test_accuracy_strategy_43_epoch1": 0.7697201017811705, "ENV_Test_accuracy_strategy_17_epoch1": 0.7127949183303085, "ENV_Test_accuracy_strategy_93_epoch1": 0.7486136783733827, "ENV_Test_accuracy_per_mean_strategy_epoch1": 0.7729357129880571, "ENV_Test_accuracy_per_mean_user_epoch1": 0.7645501629532326, "ENV_Test_accuracy_per_mean_user_and_bot_epoch1": 0.8058443662846699, "ENV_Train_TotalLoss_epoch2": 1130.178556509117, "ENV_Train_Right action_epoch2": 0.757468212938382, "ENV_Train_Probability to choose the right action_epoch2": 0.673292519465551, "ENV_Train_Weighted right action_epoch2": 0.757468212938382, "ENV_Train_Weighted probability to choose the right action:_epoch2": 0.673292519465551, "ENV_Test_TotalLoss_epoch2": 254.19689833921916, "ENV_Test_Right action_epoch2": 0.75968, "ENV_Test_Probability to choose the right action_epoch2": 0.6869381020342954, "ENV_Test_Weighted right action_epoch2": 0.8069550327313615, "ENV_Test_Weighted probability to choose the right action:_epoch2": 0.7268753734933563, "ENV_Test_proba_accuracy_epoch2": 0.686938102034296, "ENV_Test_proba_accuracy_strategy_132_epoch2": 0.7328126125989076, "ENV_Test_proba_accuracy_strategy_23_epoch2": 0.6832492666453265, "ENV_Test_proba_accuracy_strategy_107_epoch2": 0.779940157360839, "ENV_Test_proba_accuracy_strategy_43_epoch2": 0.698799122421042, "ENV_Test_proba_accuracy_strategy_17_epoch2": 0.6560986071405088, "ENV_Test_proba_accuracy_strategy_93_epoch2": 0.689265651780855, "ENV_Test_proba_accuracy_per_mean_strategy_epoch2": 0.7066942363245797, "ENV_Test_proba_accuracy_per_mean_user_epoch2": 0.696245918780338, "ENV_Test_proba_accuracy_per_mean_user_and_bot_epoch2": 0.726875373493357, "ENV_Test_accuracy_epoch2": 0.75968, "ENV_Test_accuracy_strategy_132_epoch2": 0.803399433427762, "ENV_Test_accuracy_strategy_23_epoch2": 0.76038132169979, "ENV_Test_accuracy_strategy_107_epoch2": 0.8686371100164204, "ENV_Test_accuracy_strategy_43_epoch2": 0.7754452926208651, "ENV_Test_accuracy_strategy_17_epoch2": 0.7198275862068966, "ENV_Test_accuracy_strategy_93_epoch2": 0.7624768946395564, "ENV_Test_accuracy_per_mean_strategy_epoch2": 0.7816946064352152, "ENV_Test_accuracy_per_mean_user_epoch2": 0.7717362103066325, "ENV_Test_accuracy_per_mean_user_and_bot_epoch2": 0.8069550327313628, "ENV_Train_TotalLoss_epoch3": 1110.6416235035604, "ENV_Train_Right action_epoch3": 0.7626981242836777, "ENV_Train_Probability to choose the right action_epoch3": 0.6797212188249808, "ENV_Train_Weighted right action_epoch3": 0.7626981242836777, "ENV_Train_Weighted probability to choose the right action:_epoch3": 0.6797212188249808, "ENV_Test_TotalLoss_epoch3": 253.06555915211882, "ENV_Test_Right action_epoch3": 0.760896,