{"ENV_Train_TotalLoss": 780.5021803476226, "ENV_Train_TotalLoss_epoch0": 922.6725644012621, "ENV_Train_Right action": 0.8424619253877322, "ENV_Train_Right action_epoch0": 0.8108988245817551, "ENV_Train_Probability to choose the right action": 0.7787074173101436, "ENV_Train_Probability to choose the right action_epoch0": 0.7364089976652495, "ENV_Train_Weighted right action": 0.8424619253877322, "ENV_Train_Weighted right action_epoch0": 0.8108988245817551, "ENV_Train_Weighted probability to choose the right action:": 0.7787074173101436, "ENV_Train_Weighted probability to choose the right action:_epoch0": 0.7364089976652495, "_timestamp": 1720346062.6984344, "_runtime": 258.34752225875854, "_step": 5, "ENV_Test_TotalLoss": 175.5471186944282, "ENV_Test_TotalLoss_epoch0": 185.69576293036528, "ENV_Test_Right action": 0.843776, "ENV_Test_Right action_epoch0": 0.82816, "ENV_Test_Probability to choose the right action": 0.7764558694376709, "ENV_Test_Probability to choose the right action_epoch0": 0.7722135158375997, "ENV_Test_Weighted right action": 0.8681549533712549, "ENV_Test_Weighted right action_epoch0": 0.8580451367464107, "ENV_Test_Weighted probability to choose the right action:": 0.8032600069627825, "ENV_Test_Weighted probability to choose the right action:_epoch0": 0.8060028225639587, "ENV_Test_proba_accuracy": 0.7764558694376705, "ENV_Test_proba_accuracy_epoch0": 0.7722135158376002, "ENV_Test_proba_accuracy_strategy_132": 0.8163212082766771, "ENV_Test_proba_accuracy_strategy_132_epoch0": 0.8182154511105297, "ENV_Test_proba_accuracy_strategy_23": 0.7810298380281537, "ENV_Test_proba_accuracy_strategy_23_epoch0": 0.7751204084219435, "ENV_Test_proba_accuracy_strategy_107": 0.8380483247279196, "ENV_Test_proba_accuracy_strategy_107_epoch0": 0.8430094398298358, "ENV_Test_proba_accuracy_strategy_43": 0.7664152892530843, "ENV_Test_proba_accuracy_strategy_43_epoch0": 0.7685702851733043, "ENV_Test_proba_accuracy_strategy_17": 0.7494599486965383, "ENV_Test_proba_accuracy_strategy_17_epoch0": 0.7402024304136527, "ENV_Test_proba_accuracy_strategy_93": 0.7751632546021567, "ENV_Test_proba_accuracy_strategy_93_epoch0": 0.7764031013094476, "ENV_Test_proba_accuracy_per_mean_strategy": 0.7877396439307548, "ENV_Test_proba_accuracy_per_mean_strategy_epoch0": 0.786920186043119, "ENV_Test_proba_accuracy_per_mean_user": 0.7848235589511059, "ENV_Test_proba_accuracy_per_mean_user_epoch0": 0.7836804108573877, "ENV_Test_proba_accuracy_per_mean_user_and_bot": 0.803260006962782, "ENV_Test_proba_accuracy_per_mean_user_and_bot_epoch0": 0.8060028225639602, "ENV_Test_accuracy": 0.843776, "ENV_Test_accuracy_epoch0": 0.82816, "ENV_Test_accuracy_strategy_132": 0.8810198300283286, "ENV_Test_accuracy_strategy_132_epoch0": 0.863456090651558, "ENV_Test_accuracy_strategy_23": 0.8532880917757312, "ENV_Test_accuracy_strategy_23_epoch0": 0.8392308935207626, "ENV_Test_accuracy_strategy_107": 0.8981937602627258, "ENV_Test_accuracy_strategy_107_epoch0": 0.8883415435139573, "ENV_Test_accuracy_strategy_43": 0.8276081424936387, "ENV_Test_accuracy_strategy_43_epoch0": 0.8097964376590331, "ENV_Test_accuracy_strategy_17": 0.8123865698729582, "ENV_Test_accuracy_strategy_17_epoch0": 0.7937840290381125, "ENV_Test_accuracy_strategy_93": 0.8493530499075785, "ENV_Test_accuracy_strategy_93_epoch0": 0.8401109057301294, "ENV_Test_accuracy_per_mean_strategy": 0.853641574056827, "ENV_Test_accuracy_per_mean_strategy_epoch0": 0.8391199833522588, "ENV_Test_accuracy_per_mean_user": 0.8524554835137449, "ENV_Test_accuracy_per_mean_user_epoch0": 0.83856807106878, "ENV_Test_accuracy_per_mean_user_and_bot": 0.8681549533712547, "ENV_Test_accuracy_per_mean_user_and_bot_epoch0": 0.8580451367464109, "ENV_Train_TotalLoss_epoch1": 825.2524276336885, "ENV_Train_Right action_epoch1": 0.8342745317305004, "ENV_Train_Probability to choose the right action_epoch1": 0.7663391048760454, "ENV_Train_Weighted right action_epoch1": 0.8342745317305004, "ENV_Train_Weighted probability to choose the right action:_epoch1": 0.7663391048760454, "ENV_Test_TotalLoss_epoch1": 186.17355861025285, "ENV_Test_Right action_epoch1": 0.83776, "ENV_Test_Probability to choose the right action_epoch1": 0.7887987014833344, "ENV_Test_Weighted right action_epoch1": 0.8638487612589185, "ENV_Test_Weighted probability to choose the right action:_epoch1": 0.8175010880785163, "ENV_Test_proba_accuracy_epoch1": 0.7887987014833348, "ENV_Test_proba_accuracy_strategy_132_epoch1": 0.8293237615724375, "ENV_Test_proba_accuracy_strategy_23_epoch1": 0.7965836563729842, "ENV_Test_proba_accuracy_strategy_107_epoch1": 0.8457056677143753, "ENV_Test_proba_accuracy_strategy_43_epoch1": 0.777782553300374, "ENV_Test_proba_accuracy_strategy_17_epoch1": 0.7589769729227346, "ENV_Test_proba_accuracy_strategy_93_epoch1": 0.7836299446762454, "ENV_Test_proba_accuracy_per_mean_strategy_epoch1": 0.7986670927598585, "ENV_Test_proba_accuracy_per_mean_user_epoch1": 0.7975800351750599, "ENV_Test_proba_accuracy_per_mean_user_and_bot_epoch1": 0.817501088078515, "ENV_Test_accuracy_epoch1": 0.83776, "ENV_Test_accuracy_strategy_132_epoch1": 0.8742209631728045, "ENV_Test_accuracy_strategy_23_epoch1": 0.8494102439812571, "ENV_Test_accuracy_strategy_107_epoch1": 0.8866995073891626, "ENV_Test_accuracy_strategy_43_epoch1": 0.8263358778625954, "ENV_Test_accuracy_strategy_17_epoch1": 0.8039927404718693, "ENV_Test_accuracy_strategy_93_epoch1": 0.8382624768946395, "ENV_Test_accuracy_per_mean_strategy_epoch1": 0.846486968295388, "ENV_Test_accuracy_per_mean_user_epoch1": 0.8448066216065256, "ENV_Test_accuracy_per_mean_user_and_bot_epoch1": 0.8638487612589193, "ENV_Train_TotalLoss_epoch2": 780.5021803476226, "ENV_Train_Right action_epoch2": 0.8424619253877322, "ENV_Train_Probability to choose the right action_epoch2": 0.7787074173101436, "ENV_Train_Weighted right action_epoch2": 0.8424619253877322, "ENV_Train_Weighted probability to choose the right action:_epoch2": 0.7787074173101436, "ENV_Test_TotalLoss_epoch2": 175.5471186944282, "ENV_Test_Right action_epoch2": 0.843776, "ENV_Test_Probability to choose the right action_epoch2": 0.7764558694376709, "ENV_Test_Weighted right action_epoch2": 0.8681549533712549, "ENV_Test_Weighted probability to choose the right action:_epoch2": 0.8032600069627825, "ENV_Test_proba_accuracy_epoch2": 0.7764558694376705, "ENV_Test_proba_accuracy_strategy_132_epoch2": 0.8163212082766771, "ENV_Test_proba_accuracy_strategy_23_epoch2": 0.7810298380281537, "ENV_Test_proba_accuracy_strategy_107_epoch2": 0.8380483247279196, "ENV_Test_proba_accuracy_strategy_43_epoch2": 0.7664152892530843, "ENV_Test_proba_accuracy_strategy_17_epoch2": 0.7494599486965383, "ENV_Test_proba_accuracy_strategy_93_epoch2": 0.7751632546021567, "ENV_Test_proba_accuracy_per_mean_strategy_epoch2": 0.7877396439307548, "ENV_Test_proba_accuracy_per_mean_user_epoch2": 0.7848235589511059, "ENV_Test_proba_accuracy_per_mean_user_and_bot_epoch2": 0.803260006962782, "ENV_Test_accuracy_epoch2": 0.843776, "ENV_Test_accuracy_strategy_132_epoch2": 0.8810198300283286, "ENV_Test_accuracy_strategy_23_epoch2": 0.8532880917757312, "ENV_Test_accuracy_strategy_107_epoch2": 0.8981937602627258, "ENV_Test_accuracy_strategy_43_epoch2": 0.8276081424936387, "ENV_Test_accuracy_strategy_17_epoch2": 0.8123865698729582, "ENV_Test_accuracy_strategy_93_epoch2": 0.8493530499075785, "ENV_Test_accuracy_per_mean_strategy_epoch2": 0.853641574056827, "ENV_Test_accuracy_per_mean_user_epoch2": 0.8524554835137449, "ENV_Test_accuracy_per_mean_user_and_bot_epoch2": 0.8681549533712547}