{"ENV_Train_TotalLoss": 108.06414466658109, "ENV_Train_TotalLoss_epoch0": 196.91251759393862, "ENV_Train_Right action": 0.9788090578697233, "ENV_Train_Right action_epoch0": 0.9599994409425708, "ENV_Train_Probability to choose the right action": 0.9704427393121496, "ENV_Train_Probability to choose the right action_epoch0": 0.9435008497097251, "ENV_Train_Weighted right action": 0.9788090578697233, "ENV_Train_Weighted right action_epoch0": 0.9599994409425708, "ENV_Train_Weighted probability to choose the right action:": 0.9704427393121496, "ENV_Train_Weighted probability to choose the right action:_epoch0": 0.9435008497097251, "_timestamp": 1720882718.929856, "_runtime": 114.51328897476196, "_step": 2, "ENV_Test_TotalLoss": 26.76002659436683, "ENV_Test_TotalLoss_epoch0": 26.76002659436683, "ENV_Test_Right action": 0.979072, "ENV_Test_Right action_epoch0": 0.979072, "ENV_Test_Probability to choose the right action": 0.9693576242144786, "ENV_Test_Probability to choose the right action_epoch0": 0.9693576242144786, "ENV_Test_Weighted right action": 0.9791276571785343, "ENV_Test_Weighted right action_epoch0": 0.9791276571785343, "ENV_Test_Weighted probability to choose the right action:": 0.9682571964128999, "ENV_Test_Weighted probability to choose the right action:_epoch0": 0.9682571964128999, "ENV_Test_proba_accuracy": 0.9693576242144777, "ENV_Test_proba_accuracy_epoch0": 0.9693576242144777, "ENV_Test_proba_accuracy_strategy_132": 0.9705050457628263, "ENV_Test_proba_accuracy_strategy_132_epoch0": 0.9705050457628263, "ENV_Test_proba_accuracy_strategy_23": 0.9710096431482886, "ENV_Test_proba_accuracy_strategy_23_epoch0": 0.9710096431482886, "ENV_Test_proba_accuracy_strategy_107": 0.9720862863973954, "ENV_Test_proba_accuracy_strategy_107_epoch0": 0.9720862863973954, "ENV_Test_proba_accuracy_strategy_43": 0.9651440976270984, "ENV_Test_proba_accuracy_strategy_43_epoch0": 0.9651440976270984, "ENV_Test_proba_accuracy_strategy_17": 0.9680904256592965, "ENV_Test_proba_accuracy_strategy_17_epoch0": 0.9680904256592965, "ENV_Test_proba_accuracy_strategy_93": 0.967784773514859, "ENV_Test_proba_accuracy_strategy_93_epoch0": 0.967784773514859, "ENV_Test_proba_accuracy_per_mean_strategy": 0.9691033786849607, "ENV_Test_proba_accuracy_per_mean_strategy_epoch0": 0.9691033786849607, "ENV_Test_proba_accuracy_per_mean_user": 0.9699505127407253, "ENV_Test_proba_accuracy_per_mean_user_epoch0": 0.9699505127407253, "ENV_Test_proba_accuracy_per_mean_user_and_bot": 0.9682571964129013, "ENV_Test_proba_accuracy_per_mean_user_and_bot_epoch0": 0.9682571964129013, "ENV_Test_accuracy": 0.979072, "ENV_Test_accuracy_epoch0": 0.979072, "ENV_Test_accuracy_strategy_132": 0.9813031161473088, "ENV_Test_accuracy_strategy_132_epoch0": 0.9813031161473088, "ENV_Test_accuracy_strategy_23": 0.9804491840361933, "ENV_Test_accuracy_strategy_23_epoch0": 0.9804491840361933, "ENV_Test_accuracy_strategy_107": 0.986863711001642, "ENV_Test_accuracy_strategy_107_epoch0": 0.986863711001642, "ENV_Test_accuracy_strategy_43": 0.9758269720101781, "ENV_Test_accuracy_strategy_43_epoch0": 0.9758269720101781, "ENV_Test_accuracy_strategy_17": 0.9766333938294011, "ENV_Test_accuracy_strategy_17_epoch0": 0.9766333938294011, "ENV_Test_accuracy_strategy_93": 0.977818853974122, "ENV_Test_accuracy_strategy_93_epoch0": 0.977818853974122, "ENV_Test_accuracy_per_mean_strategy": 0.979815871833141, "ENV_Test_accuracy_per_mean_strategy_epoch0": 0.979815871833141, "ENV_Test_accuracy_per_mean_user": 0.979908584299188, "ENV_Test_accuracy_per_mean_user_epoch0": 0.979908584299188, "ENV_Test_accuracy_per_mean_user_and_bot": 0.9791276571785336, "ENV_Test_accuracy_per_mean_user_and_bot_epoch0": 0.9791276571785336, "ENV_Train_TotalLoss_epoch1": 108.06414466658109, "ENV_Train_Right action_epoch1": 0.9788090578697233, "ENV_Train_Probability to choose the right action_epoch1": 0.9704427393121496, "ENV_Train_Weighted right action_epoch1": 0.9788090578697233, "ENV_Train_Weighted probability to choose the right action:_epoch1": 0.9704427393121496}