{"ENV_Train_TotalLoss": 924.816924152754, "ENV_Train_TotalLoss_epoch0": 924.816924152754, "ENV_Train_Right action": 0.8103397671525807, "ENV_Train_Right action_epoch0": 0.8103397671525807, "ENV_Train_Probability to choose the right action": 0.7356821595317685, "ENV_Train_Probability to choose the right action_epoch0": 0.7356821595317685, "ENV_Train_Weighted right action": 0.8103397671525807, "ENV_Train_Weighted right action_epoch0": 0.8103397671525807, "ENV_Train_Weighted probability to choose the right action:": 0.7356821595317685, "ENV_Train_Weighted probability to choose the right action:_epoch0": 0.7356821595317685, "_timestamp": 1721497638.862737, "_runtime": 66.11245393753052, "_step": 1, "ENV_Test_TotalLoss": 185.58096053922594, "ENV_Test_TotalLoss_epoch0": 185.58096053922594, "ENV_Test_Right action": 0.829824, "ENV_Test_Right action_epoch0": 0.829824, "ENV_Test_Probability to choose the right action": 0.7767388104560257, "ENV_Test_Probability to choose the right action_epoch0": 0.7767388104560257, "ENV_Test_Weighted right action": 0.8591458838317199, "ENV_Test_Weighted right action_epoch0": 0.8591458838317199, "ENV_Test_Weighted probability to choose the right action:": 0.8076409013289633, "ENV_Test_Weighted probability to choose the right action:_epoch0": 0.8076409013289633, "ENV_Test_proba_accuracy": 0.7767388104560261, "ENV_Test_proba_accuracy_epoch0": 0.7767388104560261, "ENV_Test_proba_accuracy_strategy_132": 0.8176035448318675, "ENV_Test_proba_accuracy_strategy_132_epoch0": 0.8176035448318675, "ENV_Test_proba_accuracy_strategy_23": 0.7831208576634496, "ENV_Test_proba_accuracy_strategy_23_epoch0": 0.7831208576634496, "ENV_Test_proba_accuracy_strategy_107": 0.8424000880599034, "ENV_Test_proba_accuracy_strategy_107_epoch0": 0.8424000880599034, "ENV_Test_proba_accuracy_strategy_43": 0.771680336914325, "ENV_Test_proba_accuracy_strategy_43_epoch0": 0.771680336914325, "ENV_Test_proba_accuracy_strategy_17": 0.7442128458537977, "ENV_Test_proba_accuracy_strategy_17_epoch0": 0.7442128458537977, "ENV_Test_proba_accuracy_strategy_93": 0.7764744000801604, "ENV_Test_proba_accuracy_strategy_93_epoch0": 0.7764744000801604, "ENV_Test_proba_accuracy_per_mean_strategy": 0.7892486789005839, "ENV_Test_proba_accuracy_per_mean_strategy_epoch0": 0.7892486789005839, "ENV_Test_proba_accuracy_per_mean_user": 0.7871962796676534, "ENV_Test_proba_accuracy_per_mean_user_epoch0": 0.7871962796676534, "ENV_Test_proba_accuracy_per_mean_user_and_bot": 0.8076409013289639, "ENV_Test_proba_accuracy_per_mean_user_and_bot_epoch0": 0.8076409013289639, "ENV_Test_accuracy": 0.829824, "ENV_Test_accuracy_epoch0": 0.829824, "ENV_Test_accuracy_strategy_132": 0.8719546742209632, "ENV_Test_accuracy_strategy_132_epoch0": 0.8719546742209632, "ENV_Test_accuracy_strategy_23": 0.8418161253837454, "ENV_Test_accuracy_strategy_23_epoch0": 0.8418161253837454, "ENV_Test_accuracy_strategy_107": 0.8916256157635468, "ENV_Test_accuracy_strategy_107_epoch0": 0.8916256157635468, "ENV_Test_accuracy_strategy_43": 0.8180661577608143, "ENV_Test_accuracy_strategy_43_epoch0": 0.8180661577608143, "ENV_Test_accuracy_strategy_17": 0.7906079854809437, "ENV_Test_accuracy_strategy_17_epoch0": 0.7906079854809437, "ENV_Test_accuracy_strategy_93": 0.8345656192236599, "ENV_Test_accuracy_strategy_93_epoch0": 0.8345656192236599, "ENV_Test_accuracy_per_mean_strategy": 0.8414393629722788, "ENV_Test_accuracy_per_mean_strategy_epoch0": 0.8414393629722788, "ENV_Test_accuracy_per_mean_user": 0.8394578338642985, "ENV_Test_accuracy_per_mean_user_epoch0": 0.8394578338642985, "ENV_Test_accuracy_per_mean_user_and_bot": 0.8591458838317209, "ENV_Test_accuracy_per_mean_user_and_bot_epoch0": 0.8591458838317209}