{"ENV_Train_TotalLoss": 1080.8857713040852, "ENV_Train_TotalLoss_epoch0": 1080.8857713040852, "ENV_Train_Right action": 0.7718067338467344, "ENV_Train_Right action_epoch0": 0.7718067338467344, "ENV_Train_Probability to choose the right action": 0.6867250241464156, "ENV_Train_Probability to choose the right action_epoch0": 0.6867250241464156, "ENV_Train_Weighted right action": 0.7718067338467344, "ENV_Train_Weighted right action_epoch0": 0.7718067338467344, "ENV_Train_Weighted probability to choose the right action:": 0.6867250241464156, "ENV_Train_Weighted probability to choose the right action:_epoch0": 0.6867250241464156, "_timestamp": 1718971620.7646797, "_runtime": 183.74079370498657, "_step": 1, "ENV_Test_TotalLoss": 248.13593407829563, "ENV_Test_TotalLoss_epoch0": 248.13593407829563, "ENV_Test_Right action": 0.77696, "ENV_Test_Right action_epoch0": 0.77696, "ENV_Test_Probability to choose the right action": 0.7321271547389019, "ENV_Test_Probability to choose the right action_epoch0": 0.7321271547389019, "ENV_Test_Weighted right action": 0.8168640780124266, "ENV_Test_Weighted right action_epoch0": 0.8168640780124266, "ENV_Test_Weighted probability to choose the right action:": 0.7664360134093535, "ENV_Test_Weighted probability to choose the right action:_epoch0": 0.7664360134093535, "ENV_Test_proba_accuracy": 0.7321271547389026, "ENV_Test_proba_accuracy_epoch0": 0.7321271547389026, "ENV_Test_proba_accuracy_strategy_132": 0.7640346929470035, "ENV_Test_proba_accuracy_strategy_132_epoch0": 0.7640346929470035, "ENV_Test_proba_accuracy_strategy_23": 0.733403529448869, "ENV_Test_proba_accuracy_strategy_23_epoch0": 0.733403529448869, "ENV_Test_proba_accuracy_strategy_107": 0.8048166706401313, "ENV_Test_proba_accuracy_strategy_107_epoch0": 0.8048166706401313, "ENV_Test_proba_accuracy_strategy_43": 0.7308699402093964, "ENV_Test_proba_accuracy_strategy_43_epoch0": 0.7308699402093964, "ENV_Test_proba_accuracy_strategy_17": 0.7061276631573902, "ENV_Test_proba_accuracy_strategy_17_epoch0": 0.7061276631573902, "ENV_Test_proba_accuracy_strategy_93": 0.7396113478355397, "ENV_Test_proba_accuracy_strategy_93_epoch0": 0.7396113478355397, "ENV_Test_proba_accuracy_per_mean_strategy": 0.7464773073730551, "ENV_Test_proba_accuracy_per_mean_strategy_epoch0": 0.7464773073730551, "ENV_Test_proba_accuracy_per_mean_user": 0.7430439718628133, "ENV_Test_proba_accuracy_per_mean_user_epoch0": 0.7430439718628133, "ENV_Test_proba_accuracy_per_mean_user_and_bot": 0.766436013409354, "ENV_Test_proba_accuracy_per_mean_user_and_bot_epoch0": 0.766436013409354, "ENV_Test_accuracy": 0.77696, "ENV_Test_accuracy_epoch0": 0.77696, "ENV_Test_accuracy_strategy_132": 0.8096317280453258, "ENV_Test_accuracy_strategy_132_epoch0": 0.8096317280453258, "ENV_Test_accuracy_strategy_23": 0.7805784456293424, "ENV_Test_accuracy_strategy_23_epoch0": 0.7805784456293424, "ENV_Test_accuracy_strategy_107": 0.8604269293924466, "ENV_Test_accuracy_strategy_107_epoch0": 0.8604269293924466, "ENV_Test_accuracy_strategy_43": 0.7754452926208651, "ENV_Test_accuracy_strategy_43_epoch0": 0.7754452926208651, "ENV_Test_accuracy_strategy_17": 0.7445553539019963, "ENV_Test_accuracy_strategy_17_epoch0": 0.7445553539019963, "ENV_Test_accuracy_strategy_93": 0.7902033271719039, "ENV_Test_accuracy_strategy_93_epoch0": 0.7902033271719039, "ENV_Test_accuracy_per_mean_strategy": 0.7934735127936466, "ENV_Test_accuracy_per_mean_strategy_epoch0": 0.7934735127936466, "ENV_Test_accuracy_per_mean_user": 0.7907857618099848, "ENV_Test_accuracy_per_mean_user_epoch0": 0.7907857618099848, "ENV_Test_accuracy_per_mean_user_and_bot": 0.8168640780124273, "ENV_Test_accuracy_per_mean_user_and_bot_epoch0": 0.8168640780124273}