{"ENV_Train_TotalLoss": 134.4176918364452, "ENV_Train_TotalLoss_epoch0": 134.4176918364452, "ENV_Train_Right action": 0.9729835497351466, "ENV_Train_Right action_epoch0": 0.9729835497351466, "ENV_Train_Probability to choose the right action": 0.9615724668407379, "ENV_Train_Probability to choose the right action_epoch0": 0.9615724668407379, "ENV_Train_Weighted right action": 0.9729835497351466, "ENV_Train_Weighted right action_epoch0": 0.9729835497351466, "ENV_Train_Weighted probability to choose the right action:": 0.9615724668407379, "ENV_Train_Weighted probability to choose the right action:_epoch0": 0.9615724668407379, "_timestamp": 1721481131.8712468, "_runtime": 92.81281471252441, "_step": 1, "ENV_Test_TotalLoss": 22.237717453118165, "ENV_Test_TotalLoss_epoch0": 22.237717453118165, "ENV_Test_Right action": 0.983488, "ENV_Test_Right action_epoch0": 0.983488, "ENV_Test_Probability to choose the right action": 0.9748165448963614, "ENV_Test_Probability to choose the right action_epoch0": 0.9748165448963614, "ENV_Test_Weighted right action": 0.9835590517559707, "ENV_Test_Weighted right action_epoch0": 0.9835590517559707, "ENV_Test_Weighted probability to choose the right action:": 0.9743501139520454, "ENV_Test_Weighted probability to choose the right action:_epoch0": 0.9743501139520454, "ENV_Test_proba_accuracy": 0.9748165448963614, "ENV_Test_proba_accuracy_epoch0": 0.9748165448963614, "ENV_Test_proba_accuracy_strategy_132": 0.9751132115257556, "ENV_Test_proba_accuracy_strategy_132_epoch0": 0.9751132115257556, "ENV_Test_proba_accuracy_strategy_23": 0.9768808742066928, "ENV_Test_proba_accuracy_strategy_23_epoch0": 0.9768808742066928, "ENV_Test_proba_accuracy_strategy_107": 0.978856903658817, "ENV_Test_proba_accuracy_strategy_107_epoch0": 0.978856903658817, "ENV_Test_proba_accuracy_strategy_43": 0.9686564367830237, "ENV_Test_proba_accuracy_strategy_43_epoch0": 0.9686564367830237, "ENV_Test_proba_accuracy_strategy_17": 0.9745024628406195, "ENV_Test_proba_accuracy_strategy_17_epoch0": 0.9745024628406195, "ENV_Test_proba_accuracy_strategy_93": 0.9704799778603358, "ENV_Test_proba_accuracy_strategy_93_epoch0": 0.9704799778603358, "ENV_Test_proba_accuracy_per_mean_strategy": 0.9740816444792073, "ENV_Test_proba_accuracy_per_mean_strategy_epoch0": 0.9740816444792073, "ENV_Test_proba_accuracy_per_mean_user": 0.9755607385597825, "ENV_Test_proba_accuracy_per_mean_user_epoch0": 0.9755607385597825, "ENV_Test_proba_accuracy_per_mean_user_and_bot": 0.9743501139520454, "ENV_Test_proba_accuracy_per_mean_user_and_bot_epoch0": 0.9743501139520454, "ENV_Test_accuracy": 0.983488, "ENV_Test_accuracy_epoch0": 0.983488, "ENV_Test_accuracy_strategy_132": 0.9858356940509915, "ENV_Test_accuracy_strategy_132_epoch0": 0.9858356940509915, "ENV_Test_accuracy_strategy_23": 0.9862659557279043, "ENV_Test_accuracy_strategy_23_epoch0": 0.9862659557279043, "ENV_Test_accuracy_strategy_107": 0.993431855500821, "ENV_Test_accuracy_strategy_107_epoch0": 0.993431855500821, "ENV_Test_accuracy_strategy_43": 0.9751908396946565, "ENV_Test_accuracy_strategy_43_epoch0": 0.9751908396946565, "ENV_Test_accuracy_strategy_17": 0.9820780399274047, "ENV_Test_accuracy_strategy_17_epoch0": 0.9820780399274047, "ENV_Test_accuracy_strategy_93": 0.9759704251386322, "ENV_Test_accuracy_strategy_93_epoch0": 0.9759704251386322, "ENV_Test_accuracy_per_mean_strategy": 0.9831288016734017, "ENV_Test_accuracy_per_mean_strategy_epoch0": 0.9831288016734017, "ENV_Test_accuracy_per_mean_user": 0.9845254371811569, "ENV_Test_accuracy_per_mean_user_epoch0": 0.9845254371811569, "ENV_Test_accuracy_per_mean_user_and_bot": 0.9835590517559702, "ENV_Test_accuracy_per_mean_user_and_bot_epoch0": 0.9835590517559702}