{"ENV_Train_TotalLoss": 1142.2491827388035, "ENV_Train_TotalLoss_epoch0": 1142.2491827388035, "ENV_Train_Right action": 0.754797411564103, "ENV_Train_Right action_epoch0": 0.754797411564103, "ENV_Train_Probability to choose the right action": 0.6675345263382236, "ENV_Train_Probability to choose the right action_epoch0": 0.6675345263382236, "ENV_Train_Weighted right action": 0.754797411564103, "ENV_Train_Weighted right action_epoch0": 0.754797411564103, "ENV_Train_Weighted probability to choose the right action:": 0.6675345263382236, "ENV_Train_Weighted probability to choose the right action:_epoch0": 0.6675345263382236, "_timestamp": 1721673186.9742858, "_runtime": 134.43814492225647, "_step": 1, "ENV_Test_TotalLoss": 242.88838384758654, "ENV_Test_TotalLoss_epoch0": 242.88838384758654, "ENV_Test_Right action": 0.766016, "ENV_Test_Right action_epoch0": 0.766016, "ENV_Test_Probability to choose the right action": 0.7032413187529567, "ENV_Test_Probability to choose the right action_epoch0": 0.7032413187529567, "ENV_Test_Weighted right action": 0.8115833753849391, "ENV_Test_Weighted right action_epoch0": 0.8115833753849391, "ENV_Test_Weighted probability to choose the right action:": 0.7485744229229676, "ENV_Test_Weighted probability to choose the right action:_epoch0": 0.7485744229229676, "ENV_Test_proba_accuracy": 0.7032413187529559, "ENV_Test_proba_accuracy_epoch0": 0.7032413187529559, "ENV_Test_proba_accuracy_strategy_132": 0.7495308451327675, "ENV_Test_proba_accuracy_strategy_132_epoch0": 0.7495308451327675, "ENV_Test_proba_accuracy_strategy_23": 0.7013805691184836, "ENV_Test_proba_accuracy_strategy_23_epoch0": 0.7013805691184836, "ENV_Test_proba_accuracy_strategy_107": 0.7991366235879218, "ENV_Test_proba_accuracy_strategy_107_epoch0": 0.7991366235879218, "ENV_Test_proba_accuracy_strategy_43": 0.7140687510972228, "ENV_Test_proba_accuracy_strategy_43_epoch0": 0.7140687510972228, "ENV_Test_proba_accuracy_strategy_17": 0.6707289674397229, "ENV_Test_proba_accuracy_strategy_17_epoch0": 0.6707289674397229, "ENV_Test_proba_accuracy_strategy_93": 0.7011236160971634, "ENV_Test_proba_accuracy_strategy_93_epoch0": 0.7011236160971634, "ENV_Test_proba_accuracy_per_mean_strategy": 0.7226615620788803, "ENV_Test_proba_accuracy_per_mean_strategy_epoch0": 0.7226615620788803, "ENV_Test_proba_accuracy_per_mean_user": 0.714496203608949, "ENV_Test_proba_accuracy_per_mean_user_epoch0": 0.714496203608949, "ENV_Test_proba_accuracy_per_mean_user_and_bot": 0.7485744229229684, "ENV_Test_proba_accuracy_per_mean_user_and_bot_epoch0": 0.7485744229229684, "ENV_Test_accuracy": 0.766016, "ENV_Test_accuracy_epoch0": 0.766016, "ENV_Test_accuracy_strategy_132": 0.7977337110481586, "ENV_Test_accuracy_strategy_132_epoch0": 0.7977337110481586, "ENV_Test_accuracy_strategy_23": 0.7699143641945387, "ENV_Test_accuracy_strategy_23_epoch0": 0.7699143641945387, "ENV_Test_accuracy_strategy_107": 0.8587848932676518, "ENV_Test_accuracy_strategy_107_epoch0": 0.8587848932676518, "ENV_Test_accuracy_strategy_43": 0.772264631043257, "ENV_Test_accuracy_strategy_43_epoch0": 0.772264631043257, "ENV_Test_accuracy_strategy_17": 0.7320780399274047, "ENV_Test_accuracy_strategy_17_epoch0": 0.7320780399274047, "ENV_Test_accuracy_strategy_93": 0.7689463955637708, "ENV_Test_accuracy_strategy_93_epoch0": 0.7689463955637708, "ENV_Test_accuracy_per_mean_strategy": 0.7832870058407969, "ENV_Test_accuracy_per_mean_strategy_epoch0": 0.7832870058407969, "ENV_Test_accuracy_per_mean_user": 0.7770559280178212, "ENV_Test_accuracy_per_mean_user_epoch0": 0.7770559280178212, "ENV_Test_accuracy_per_mean_user_and_bot": 0.8115833753849402, "ENV_Test_accuracy_per_mean_user_and_bot_epoch0": 0.8115833753849402}