{"ENV_Train_TotalLoss": 1058.447006723875, "ENV_Train_TotalLoss_epoch0": 1142.2491827388035, "ENV_Train_Right action": 0.7769875646220483, "ENV_Train_Right action_epoch0": 0.754797411564103, "ENV_Train_Probability to choose the right action": 0.6956825664404082, "ENV_Train_Probability to choose the right action_epoch0": 0.6675345263382236, "ENV_Train_Weighted right action": 0.7769875646220483, "ENV_Train_Weighted right action_epoch0": 0.754797411564103, "ENV_Train_Weighted probability to choose the right action:": 0.6956825664404082, "ENV_Train_Weighted probability to choose the right action:_epoch0": 0.6675345263382236, "_timestamp": 1721573531.9852517, "_runtime": 183.64048266410828, "_step": 5, "ENV_Test_TotalLoss": 236.86146795972007, "ENV_Test_TotalLoss_epoch0": 242.88838384758654, "ENV_Test_Right action": 0.77632, "ENV_Test_Right action_epoch0": 0.766016, "ENV_Test_Probability to choose the right action": 0.7056398895165614, "ENV_Test_Probability to choose the right action_epoch0": 0.7032413187529567, "ENV_Test_Weighted right action": 0.822131751664864, "ENV_Test_Weighted right action_epoch0": 0.8115833753849391, "ENV_Test_Weighted probability to choose the right action:": 0.745736935764427, "ENV_Test_Weighted probability to choose the right action:_epoch0": 0.7485744229229676, "ENV_Test_proba_accuracy": 0.7056398895165618, "ENV_Test_proba_accuracy_epoch0": 0.7032413187529559, "ENV_Test_proba_accuracy_strategy_132": 0.7493596454622317, "ENV_Test_proba_accuracy_strategy_132_epoch0": 0.7495308451327675, "ENV_Test_proba_accuracy_strategy_23": 0.7056289270246969, "ENV_Test_proba_accuracy_strategy_23_epoch0": 0.7013805691184836, "ENV_Test_proba_accuracy_strategy_107": 0.7995233270300637, "ENV_Test_proba_accuracy_strategy_107_epoch0": 0.7991366235879218, "ENV_Test_proba_accuracy_strategy_43": 0.7126569491467123, "ENV_Test_proba_accuracy_strategy_43_epoch0": 0.7140687510972228, "ENV_Test_proba_accuracy_strategy_17": 0.6729389487517008, "ENV_Test_proba_accuracy_strategy_17_epoch0": 0.6707289674397229, "ENV_Test_proba_accuracy_strategy_93": 0.7045700127376632, "ENV_Test_proba_accuracy_strategy_93_epoch0": 0.7011236160971634, "ENV_Test_proba_accuracy_per_mean_strategy": 0.7241129683588446, "ENV_Test_proba_accuracy_per_mean_strategy_epoch0": 0.7226615620788803, "ENV_Test_proba_accuracy_per_mean_user": 0.7147909819151095, "ENV_Test_proba_accuracy_per_mean_user_epoch0": 0.714496203608949, "ENV_Test_proba_accuracy_per_mean_user_and_bot": 0.745736935764427, "ENV_Test_proba_accuracy_per_mean_user_and_bot_epoch0": 0.7485744229229684, "ENV_Test_accuracy": 0.77632, "ENV_Test_accuracy_epoch0": 0.766016, "ENV_Test_accuracy_strategy_132": 0.8141643059490085, "ENV_Test_accuracy_strategy_132_epoch0": 0.7977337110481586, "ENV_Test_accuracy_strategy_23": 0.7771853288091776, "ENV_Test_accuracy_strategy_23_epoch0": 0.7699143641945387, "ENV_Test_accuracy_strategy_107": 0.8735632183908046, "ENV_Test_accuracy_strategy_107_epoch0": 0.8587848932676518, "ENV_Test_accuracy_strategy_43": 0.7830788804071247, "ENV_Test_accuracy_strategy_43_epoch0": 0.772264631043257, "ENV_Test_accuracy_strategy_17": 0.7438747731397459, "ENV_Test_accuracy_strategy_17_epoch0": 0.7320780399274047, "ENV_Test_accuracy_strategy_93": 0.777264325323475, "ENV_Test_accuracy_strategy_93_epoch0": 0.7689463955637708, "ENV_Test_accuracy_per_mean_strategy": 0.7948551386698893, "ENV_Test_accuracy_per_mean_strategy_epoch0": 0.7832870058407969, "ENV_Test_accuracy_per_mean_user": 0.7875480829326214, "ENV_Test_accuracy_per_mean_user_epoch0": 0.7770559280178212, "ENV_Test_accuracy_per_mean_user_and_bot": 0.8221317516648657, "ENV_Test_accuracy_per_mean_user_and_bot_epoch0": 0.8115833753849402, "ENV_Train_TotalLoss_epoch1": 1076.1011406861774, "ENV_Train_Right action_epoch1": 0.7741403410679341, "ENV_Train_Probability to choose the right action_epoch1": 0.6902800210142556, "ENV_Train_Weighted right action_epoch1": 0.7741403410679341, "ENV_Train_Weighted probability to choose the right action:_epoch1": 0.6902800210142556, "ENV_Test_TotalLoss_epoch1": 238.1027902698133, "ENV_Test_Right action_epoch1": 0.77216, "ENV_Test_Probability to choose the right action_epoch1": 0.711017596827743, "ENV_Test_Weighted right action_epoch1": 0.8185310970524111, "ENV_Test_Weighted probability to choose the right action:_epoch1": 0.749336378744574, "ENV_Test_proba_accuracy_epoch1": 0.7110175968277421, "ENV_Test_proba_accuracy_strategy_132_epoch1": 0.7497314853590863, "ENV_Test_proba_accuracy_strategy_23_epoch1": 0.7124813603761715, "ENV_Test_proba_accuracy_strategy_107_epoch1": 0.8011775192088565, "ENV_Test_proba_accuracy_strategy_43_epoch1": 0.7160301644624053, "ENV_Test_proba_accuracy_strategy_17_epoch1": 0.680688919370002, "ENV_Test_proba_accuracy_strategy_93_epoch1": 0.7050216775328046, "ENV_Test_proba_accuracy_per_mean_strategy_epoch1": 0.7275218543848876, "ENV_Test_proba_accuracy_per_mean_user_epoch1": 0.7193047628352434, "ENV_Test_proba_accuracy_per_mean_user_and_bot_epoch1": 0.7493363787445736, "ENV_Test_accuracy_epoch1": 0.77216, "ENV_Test_accuracy_strategy_132_epoch1": 0.8045325779036827, "ENV_Test_accuracy_strategy_23_epoch1": 0.7736306349975763, "ENV_Test_accuracy_strategy_107_epoch1": 0.8735632183908046, "ENV_Test_accuracy_strategy_43_epoch1": 0.7818066157760815, "ENV_Test_accuracy_strategy_17_epoch1": 0.742059891107078, "ENV_Test_accuracy_strategy_93_epoch1": 0.7624768946395564, "ENV_Test_accuracy_per_mean_strategy_epoch1": 0.78967830546913, "ENV_Test_accuracy_per_mean_user_epoch1": 0.7825579896121516, "ENV_Test_accuracy_per_mean_user_and_bot_epoch1": 0.818531097052412, "ENV_Train_TotalLoss_epoch2": 1058.447006723875, "ENV_Train_Right action_epoch2": 0.7769875646220483, "ENV_Train_Probability to choose the right action_epoch2": 0.6956825664404082, "ENV_Train_Weighted right action_epoch2": 0.7769875646220483, "ENV_Train_Weighted probability to choose the right action:_epoch2": 0.6956825664404082, "ENV_Test_TotalLoss_epoch2": 236.86146795972007, "ENV_Test_Right action_epoch2": 0.77632, "ENV_Test_Probability to choose the right action_epoch2": 0.7056398895165614, "ENV_Test_Weighted right action_epoch2": 0.822131751664864, "ENV_Test_Weighted probability to choose the right action:_epoch2": 0.745736935764427, "ENV_Test_proba_accuracy_epoch2": 0.7056398895165618, "ENV_Test_proba_accuracy_strategy_132_epoch2": 0.7493596454622317, "ENV_Test_proba_accuracy_strategy_23_epoch2": 0.7056289270246969, "ENV_Test_proba_accuracy_strategy_107_epoch2": 0.7995233270300637, "ENV_Test_proba_accuracy_strategy_43_epoch2": 0.7126569491467123, "ENV_Test_proba_accuracy_strategy_17_epoch2": 0.6729389487517008, "ENV_Test_proba_accuracy_strategy_93_epoch2": 0.7045700127376632, "ENV_Test_proba_accuracy_per_mean_strategy_epoch2": 0.7241129683588446, "ENV_Test_proba_accuracy_per_mean_user_epoch2": 0.7147909819151095, "ENV_Test_proba_accuracy_per_mean_user_and_bot_epoch2": 0.745736935764427, "ENV_Test_accuracy_epoch2": 0.77632, "ENV_Test_accuracy_strategy_132_epoch2": 0.8141643059490085, "ENV_Test_accuracy_strategy_23_epoch2": 0.7771853288091776, "ENV_Test_accuracy_strategy_107_epoch2": 0.8735632183908046, "ENV_Test_accuracy_strategy_43_epoch2": 0.7830788804071247, "ENV_Test_accuracy_strategy_17_epoch2": 0.7438747731397459, "ENV_Test_accuracy_strategy_93_epoch2": 0.777264325323475, "ENV_Test_accuracy_per_mean_strategy_epoch2": 0.7948551386698893, "ENV_Test_accuracy_per_mean_user_epoch2": 0.7875480829326214, "ENV_Test_accuracy_per_mean_user_and_bot_epoch2": 0.8221317516648657}