{"ENV_Train_TotalLoss": 927.3196027839689, "ENV_Train_TotalLoss_epoch0": 1145.5203756148956, "ENV_Train_Right action": 0.8154433246201372, "ENV_Train_Right action_epoch0": 0.7550210345357727, "ENV_Train_Probability to choose the right action": 0.7400193400829089, "ENV_Train_Probability to choose the right action_epoch0": 0.6658455576655471, "ENV_Train_Weighted right action": 0.8154433246201372, "ENV_Train_Weighted right action_epoch0": 0.7550210345357727, "ENV_Train_Weighted probability to choose the right action:": 0.7400193400829089, "ENV_Train_Weighted probability to choose the right action:_epoch0": 0.6658455576655471, "_timestamp": 1720515019.68828, "_runtime": 783.384770154953, "_step": 9, "ENV_Test_TotalLoss": 218.80102788976, "ENV_Test_TotalLoss_epoch0": 243.6245576885013, "ENV_Test_Right action": 0.798592, "ENV_Test_Right action_epoch0": 0.768192, "ENV_Test_Probability to choose the right action": 0.7369501982246057, "ENV_Test_Probability to choose the right action_epoch0": 0.7127724278167303, "ENV_Test_Weighted right action": 0.8413467217428894, "ENV_Test_Weighted right action_epoch0": 0.8192750246246342, "ENV_Test_Weighted probability to choose the right action:": 0.7759370575674724, "ENV_Test_Weighted probability to choose the right action:_epoch0": 0.7561460646067438, "ENV_Test_proba_accuracy": 0.7369501982246058, "ENV_Test_proba_accuracy_epoch0": 0.7127724278167296, "ENV_Test_proba_accuracy_strategy_132": 0.7783709043681966, "ENV_Test_proba_accuracy_strategy_132_epoch0": 0.7618108091160997, "ENV_Test_proba_accuracy_strategy_23": 0.7394188779184557, "ENV_Test_proba_accuracy_strategy_23_epoch0": 0.710480321261772, "ENV_Test_proba_accuracy_strategy_107": 0.8040491417743085, "ENV_Test_proba_accuracy_strategy_107_epoch0": 0.7866216888538661, "ENV_Test_proba_accuracy_strategy_43": 0.7446731862846105, "ENV_Test_proba_accuracy_strategy_43_epoch0": 0.7186799500338298, "ENV_Test_proba_accuracy_strategy_17": 0.7034733441083884, "ENV_Test_proba_accuracy_strategy_17_epoch0": 0.6817135568503817, "ENV_Test_proba_accuracy_strategy_93": 0.7426581225531802, "ENV_Test_proba_accuracy_strategy_93_epoch0": 0.7222731512899366, "ENV_Test_proba_accuracy_per_mean_strategy": 0.7521072628345232, "ENV_Test_proba_accuracy_per_mean_strategy_epoch0": 0.7302632462343143, "ENV_Test_proba_accuracy_per_mean_user": 0.7492228790274578, "ENV_Test_proba_accuracy_per_mean_user_epoch0": 0.7275513801472234, "ENV_Test_proba_accuracy_per_mean_user_and_bot": 0.7759370575674732, "ENV_Test_proba_accuracy_per_mean_user_and_bot_epoch0": 0.7561460646067442, "ENV_Test_accuracy": 0.798592, "ENV_Test_accuracy_epoch0": 0.768192, "ENV_Test_accuracy_strategy_132": 0.8305949008498583, "ENV_Test_accuracy_strategy_132_epoch0": 0.8164305949008499, "ENV_Test_accuracy_strategy_23": 0.8044918403619324, "ENV_Test_accuracy_strategy_23_epoch0": 0.7665212473743739, "ENV_Test_accuracy_strategy_107": 0.8686371100164204, "ENV_Test_accuracy_strategy_107_epoch0": 0.8653530377668309, "ENV_Test_accuracy_strategy_43": 0.8104325699745547, "ENV_Test_accuracy_strategy_43_epoch0": 0.7786259541984732, "ENV_Test_accuracy_strategy_17": 0.7617967332123412, "ENV_Test_accuracy_strategy_17_epoch0": 0.7304900181488203, "ENV_Test_accuracy_strategy_93": 0.8059149722735675, "ENV_Test_accuracy_strategy_93_epoch0": 0.7828096118299446, "ENV_Test_accuracy_per_mean_strategy": 0.8136446877814457, "ENV_Test_accuracy_per_mean_strategy_epoch0": 0.7900384107032155, "ENV_Test_accuracy_per_mean_user": 0.8097762578794055, "ENV_Test_accuracy_per_mean_user_epoch0": 0.7843411716602644, "ENV_Test_accuracy_per_mean_user_and_bot": 0.8413467217428913, "ENV_Test_accuracy_per_mean_user_and_bot_epoch0": 0.8192750246246344, "ENV_Train_TotalLoss_epoch1": 1003.0866052661066, "ENV_Train_Right action_epoch1": 0.794541414536663, "ENV_Train_Probability to choose the right action_epoch1": 0.7147409074362246, "ENV_Train_Weighted right action_epoch1": 0.794541414536663, "ENV_Train_Weighted probability to choose the right action:_epoch1": 0.7147409074362246, "ENV_Test_TotalLoss_epoch1": 222.05263867843965, "ENV_Test_Right action_epoch1": 0.78496, "ENV_Test_Probability to choose the right action_epoch1": 0.7326490240649096, "ENV_Test_Weighted right action_epoch1": 0.8346667198129671, "ENV_Test_Weighted probability to choose the right action:_epoch1": 0.7753765048541842, "ENV_Test_proba_accuracy_epoch1": 0.7326490240649087, "ENV_Test_proba_accuracy_strategy_132_epoch1": 0.777830036465326, "ENV_Test_proba_accuracy_strategy_23_epoch1": 0.7327587836262291, "ENV_Test_proba_accuracy_strategy_107_epoch1": 0.8099695880945509, "ENV_Test_proba_accuracy_strategy_43_epoch1": 0.7410322704622472, "ENV_Test_proba_accuracy_strategy_17_epoch1": 0.6977976949877421, "ENV_Test_proba_accuracy_strategy_93_epoch1": 0.7446029824103194, "ENV_Test_proba_accuracy_per_mean_strategy_epoch1": 0.7506652260077358, "ENV_Test_proba_accuracy_per_mean_user_epoch1": 0.7461131670833502, "ENV_Test_proba_accuracy_per_mean_user_and_bot_epoch1": 0.7753765048541842, "ENV_Test_accuracy_epoch1": 0.78496, "ENV_Test_accuracy_strategy_132_epoch1": 0.8311614730878187, "ENV_Test_accuracy_strategy_23_epoch1": 0.7838099854580708, "ENV_Test_accuracy_strategy_107_epoch1": 0.8669950738916257, "ENV_Test_accuracy_strategy_43_epoch1": 0.8021628498727735, "ENV_Test_accuracy_strategy_17_epoch1": 0.7472776769509982, "ENV_Test_accuracy_strategy_93_epoch1": 0.7985212569316081, "ENV_Test_accuracy_per_mean_strategy_epoch1": 0.8049880526988158, "ENV_Test_accuracy_per_mean_user_epoch1": 0.8022092136791084, "ENV_Test_accuracy_per_mean_user_and_bot_epoch1": 0.8346667198129678, "ENV_Train_TotalLoss_epoch2": 970.8958358164003, "ENV_Train_Right action_epoch2": 0.802009951917701, "ENV_Train_Probability to choose the right action_epoch2": 0.7258905912778879, "ENV_Train_Weighted right action_epoch2": 0.802009951917701, "ENV_Train_Weighted probability to choose the right action:_epoch2": 0.7258905912778879, "ENV_Test_TotalLoss_epoch2": 223.42688747199722, "ENV_Test_Right action_epoch2": 0.789312, "ENV_Test_Probability to choose the right action_epoch2": 0.7301844033276516, "ENV_Test_Weighted right action_epoch2": 0.8307735951918201, "ENV_Test_Weighted probability to choose the right action:_epoch2": 0.7739408651306202, "ENV_Test_proba_accuracy_epoch2": 0.7301844033276518, "ENV_Test_proba_accuracy_strategy_132_epoch2": 0.7743329799802235, "ENV_Test_proba_accuracy_strategy_23_epoch2": 0.7296009560142606, "ENV_Test_proba_accuracy_strategy_107_epoch2": 0.8116590915667482, "ENV_Test_proba_accuracy_strategy_43_epoch2": 0.7404351547833894, "ENV_Test_proba_accuracy_strategy_17_epoch2": 0.6962679015977926, "ENV_Test_proba_accuracy_strategy_93_epoch2": 0.738927832930219, "ENV_Test_proba_accuracy_per_mean_strategy_epoch2": 0.7485373194787722, "ENV_Test_proba_accuracy_per_mean_user_epoch2": 0.7444086109809172, "ENV_Test_proba_accuracy_per_mean_user_and_bot_epoch2": 0.7739408651306205, "ENV_Test_accuracy_epoch2": 0.789312, "ENV_Test_accuracy_strategy_132_epoch2": 0.8260623229461757, "ENV_Test_accuracy_strategy_23_epoch2": 0.7939893359185652, "ENV_Test_accuracy_strategy_107_epoch2": 0.8620689655172413, "ENV_Test_accuracy_strategy_43_epoch2": 0.7932569974554707, "ENV_Test_accuracy_strategy_17_epoch2": 0.7554446460980037, "ENV_Test_accuracy_strategy_93_epoch2": 0.7939001848428835, "ENV_Test_accuracy_per_mean_strategy_epoch2": 0.8041204087963901, "ENV_Test_accuracy_per_mean_user_epoch2": 0.8032219632723209, "ENV_Test_accuracy_per_mean_user_and_bot_epoch2": 0.8307735951918208, "ENV_Train_TotalLoss_epoch3": 944.2490762724165, "ENV_Train_Right action_epoch3": 0.810791165781381, "ENV_Train_Probability to choose the right action_epoch3": 0.7342638137851101, "ENV_Train_Weighted right action_epoch3": 0.810791165781381, "ENV_Train_Weighted probability to choose the right action:_epoch3": 0.7342638137851101, "ENV_Test_TotalLoss_epoch3": 219.7579441176888, "ENV_Test_Right action_epoch3": 0.79584,