{"ENV_Train_TotalLoss": 1142.9104474364465, "ENV_Train_TotalLoss_epoch0": 1142.9104474364465, "ENV_Train_Right action": 0.756041314344016, "ENV_Train_Right action_epoch0": 0.756041314344016, "ENV_Train_Probability to choose the right action": 0.66742939935204, "ENV_Train_Probability to choose the right action_epoch0": 0.66742939935204, "ENV_Train_Weighted right action": 0.756041314344016, "ENV_Train_Weighted right action_epoch0": 0.756041314344016, "ENV_Train_Weighted probability to choose the right action:": 0.66742939935204, "ENV_Train_Weighted probability to choose the right action:_epoch0": 0.66742939935204, "_timestamp": 1722019306.594393, "_runtime": 69.45680689811707, "_step": 1, "ENV_Test_TotalLoss": 247.0421858261628, "ENV_Test_TotalLoss_epoch0": 247.0421858261628, "ENV_Test_Right action": 0.76288, "ENV_Test_Right action_epoch0": 0.76288, "ENV_Test_Probability to choose the right action": 0.6988004819073738, "ENV_Test_Probability to choose the right action_epoch0": 0.6988004819073738, "ENV_Test_Weighted right action": 0.8117829348375087, "ENV_Test_Weighted right action_epoch0": 0.8117829348375087, "ENV_Test_Weighted probability to choose the right action:": 0.7435912999602299, "ENV_Test_Weighted probability to choose the right action:_epoch0": 0.7435912999602299, "ENV_Test_proba_accuracy": 0.6988004819073739, "ENV_Test_proba_accuracy_epoch0": 0.6988004819073739, "ENV_Test_proba_accuracy_strategy_132": 0.7446001242008355, "ENV_Test_proba_accuracy_strategy_132_epoch0": 0.7446001242008355, "ENV_Test_proba_accuracy_strategy_23": 0.6971967170733482, "ENV_Test_proba_accuracy_strategy_23_epoch0": 0.6971967170733482, "ENV_Test_proba_accuracy_strategy_107": 0.7961742741050505, "ENV_Test_proba_accuracy_strategy_107_epoch0": 0.7961742741050505, "ENV_Test_proba_accuracy_strategy_43": 0.7104234803804157, "ENV_Test_proba_accuracy_strategy_43_epoch0": 0.7104234803804157, "ENV_Test_proba_accuracy_strategy_17": 0.6656559801018571, "ENV_Test_proba_accuracy_strategy_17_epoch0": 0.6656559801018571, "ENV_Test_proba_accuracy_strategy_93": 0.6965992830354107, "ENV_Test_proba_accuracy_strategy_93_epoch0": 0.6965992830354107, "ENV_Test_proba_accuracy_per_mean_strategy": 0.7184416431494863, "ENV_Test_proba_accuracy_per_mean_strategy_epoch0": 0.7184416431494863, "ENV_Test_proba_accuracy_per_mean_user": 0.7103719223550448, "ENV_Test_proba_accuracy_per_mean_user_epoch0": 0.7103719223550448, "ENV_Test_proba_accuracy_per_mean_user_and_bot": 0.7435912999602302, "ENV_Test_proba_accuracy_per_mean_user_and_bot_epoch0": 0.7435912999602302, "ENV_Test_accuracy": 0.76288, "ENV_Test_accuracy_epoch0": 0.76288, "ENV_Test_accuracy_strategy_132": 0.7960339943342776, "ENV_Test_accuracy_strategy_132_epoch0": 0.7960339943342776, "ENV_Test_accuracy_strategy_23": 0.7658749394086282, "ENV_Test_accuracy_strategy_23_epoch0": 0.7658749394086282, "ENV_Test_accuracy_strategy_107": 0.8604269293924466, "ENV_Test_accuracy_strategy_107_epoch0": 0.8604269293924466, "ENV_Test_accuracy_strategy_43": 0.7729007633587787, "ENV_Test_accuracy_strategy_43_epoch0": 0.7729007633587787, "ENV_Test_accuracy_strategy_17": 0.7298094373865699, "ENV_Test_accuracy_strategy_17_epoch0": 0.7298094373865699, "ENV_Test_accuracy_strategy_93": 0.7569316081330869, "ENV_Test_accuracy_strategy_93_epoch0": 0.7569316081330869, "ENV_Test_accuracy_per_mean_strategy": 0.7803296120022979, "ENV_Test_accuracy_per_mean_strategy_epoch0": 0.7803296120022979, "ENV_Test_accuracy_per_mean_user": 0.7776433320516678, "ENV_Test_accuracy_per_mean_user_epoch0": 0.7776433320516678, "ENV_Test_accuracy_per_mean_user_and_bot": 0.8117829348375104, "ENV_Test_accuracy_per_mean_user_and_bot_epoch0": 0.8117829348375104}