{"ENV_Train_TotalLoss": 1054.570562164017, "ENV_Train_TotalLoss_epoch0": 1139.19858940871, "ENV_Train_Right action": 0.7784965767779796, "ENV_Train_Right action_epoch0": 0.7574669107884108, "ENV_Train_Probability to choose the right action": 0.6969259127446188, "ENV_Train_Probability to choose the right action_epoch0": 0.6687419115226831, "ENV_Train_Weighted right action": 0.7784965767779796, "ENV_Train_Weighted right action_epoch0": 0.7574669107884108, "ENV_Train_Weighted probability to choose the right action:": 0.6969259127446188, "ENV_Train_Weighted probability to choose the right action:_epoch0": 0.6687419115226831, "_timestamp": 1721673738.9649084, "_runtime": 314.81593346595764, "_step": 5, "ENV_Test_TotalLoss": 239.53563404080748, "ENV_Test_TotalLoss_epoch0": 245.63654509878748, "ENV_Test_Right action": 0.771904, "ENV_Test_Right action_epoch0": 0.763648, "ENV_Test_Probability to choose the right action": 0.7105684050116037, "ENV_Test_Probability to choose the right action_epoch0": 0.6981496353867995, "ENV_Test_Weighted right action": 0.8182085431576959, "ENV_Test_Weighted right action_epoch0": 0.8098811467018854, "ENV_Test_Weighted probability to choose the right action:": 0.7529499683702986, "ENV_Test_Weighted probability to choose the right action:_epoch0": 0.7411940398747451, "ENV_Test_proba_accuracy": 0.7105684050116035, "ENV_Test_proba_accuracy_epoch0": 0.698149635386799, "ENV_Test_proba_accuracy_strategy_132": 0.7567001826132762, "ENV_Test_proba_accuracy_strategy_132_epoch0": 0.7424111498933007, "ENV_Test_proba_accuracy_strategy_23": 0.7104931976074121, "ENV_Test_proba_accuracy_strategy_23_epoch0": 0.6973399127427733, "ENV_Test_proba_accuracy_strategy_107": 0.8072852689018065, "ENV_Test_proba_accuracy_strategy_107_epoch0": 0.7938118280403463, "ENV_Test_proba_accuracy_strategy_43": 0.7166614786329691, "ENV_Test_proba_accuracy_strategy_43_epoch0": 0.7078879648421472, "ENV_Test_proba_accuracy_strategy_17": 0.6765426120695643, "ENV_Test_proba_accuracy_strategy_17_epoch0": 0.664656688141927, "ENV_Test_proba_accuracy_strategy_93": 0.7110764314479943, "ENV_Test_proba_accuracy_strategy_93_epoch0": 0.699036680271713, "ENV_Test_proba_accuracy_per_mean_strategy": 0.7297931952121705, "ENV_Test_proba_accuracy_per_mean_strategy_epoch0": 0.7175240373220347, "ENV_Test_proba_accuracy_per_mean_user": 0.7201165717330148, "ENV_Test_proba_accuracy_per_mean_user_epoch0": 0.7090138503200151, "ENV_Test_proba_accuracy_per_mean_user_and_bot": 0.7529499683702996, "ENV_Test_proba_accuracy_per_mean_user_and_bot_epoch0": 0.7411940398747461, "ENV_Test_accuracy": 0.771904, "ENV_Test_accuracy_epoch0": 0.763648, "ENV_Test_accuracy_strategy_132": 0.8062322946175637, "ENV_Test_accuracy_strategy_132_epoch0": 0.7971671388101983, "ENV_Test_accuracy_strategy_23": 0.7765390208434318, "ENV_Test_accuracy_strategy_23_epoch0": 0.7689449022459202, "ENV_Test_accuracy_strategy_107": 0.8719211822660099, "ENV_Test_accuracy_strategy_107_epoch0": 0.8604269293924466, "ENV_Test_accuracy_strategy_43": 0.7830788804071247, "ENV_Test_accuracy_strategy_43_epoch0": 0.7678117048346056, "ENV_Test_accuracy_strategy_17": 0.7348003629764065, "ENV_Test_accuracy_strategy_17_epoch0": 0.7289019963702359, "ENV_Test_accuracy_strategy_93": 0.7680221811460258, "ENV_Test_accuracy_strategy_93_epoch0": 0.7597042513863216, "ENV_Test_accuracy_per_mean_strategy": 0.7900989870427605, "ENV_Test_accuracy_per_mean_strategy_epoch0": 0.7804928205066214, "ENV_Test_accuracy_per_mean_user": 0.7830753309722854, "ENV_Test_accuracy_per_mean_user_epoch0": 0.7774584225344991, "ENV_Test_accuracy_per_mean_user_and_bot": 0.8182085431576965, "ENV_Test_accuracy_per_mean_user_and_bot_epoch0": 0.8098811467018867, "ENV_Train_TotalLoss_epoch1": 1072.311105959663, "ENV_Train_Right action_epoch1": 0.7759714844842046, "ENV_Train_Probability to choose the right action_epoch1": 0.6914271835543728, "ENV_Train_Weighted right action_epoch1": 0.7759714844842046, "ENV_Train_Weighted probability to choose the right action:_epoch1": 0.6914271835543728, "ENV_Test_TotalLoss_epoch1": 239.24577723476833, "ENV_Test_Right action_epoch1": 0.773312, "ENV_Test_Probability to choose the right action_epoch1": 0.7167916225130876, "ENV_Test_Weighted right action_epoch1": 0.8186979055211181, "ENV_Test_Weighted probability to choose the right action:_epoch1": 0.757949472942591, "ENV_Test_proba_accuracy_epoch1": 0.7167916225130877, "ENV_Test_proba_accuracy_strategy_132_epoch1": 0.7575413717115392, "ENV_Test_proba_accuracy_strategy_23_epoch1": 0.7178654645089062, "ENV_Test_proba_accuracy_strategy_107_epoch1": 0.8117597232281282, "ENV_Test_proba_accuracy_strategy_43_epoch1": 0.7248505543656362, "ENV_Test_proba_accuracy_strategy_17_epoch1": 0.6843462014056251, "ENV_Test_proba_accuracy_strategy_93_epoch1": 0.7111963236098002, "ENV_Test_proba_accuracy_per_mean_strategy_epoch1": 0.7345932731382726, "ENV_Test_proba_accuracy_per_mean_user_epoch1": 0.7265974911012637, "ENV_Test_proba_accuracy_per_mean_user_and_bot_epoch1": 0.7579494729425916, "ENV_Test_accuracy_epoch1": 0.773312, "ENV_Test_accuracy_strategy_132_epoch1": 0.8045325779036827, "ENV_Test_accuracy_strategy_23_epoch1": 0.7775084827920504, "ENV_Test_accuracy_strategy_107_epoch1": 0.8768472906403941, "ENV_Test_accuracy_strategy_43_epoch1": 0.7856234096692112, "ENV_Test_accuracy_strategy_17_epoch1": 0.7379764065335753, "ENV_Test_accuracy_strategy_93_epoch1": 0.7661737523105361, "ENV_Test_accuracy_per_mean_strategy_epoch1": 0.7914436533082417, "ENV_Test_accuracy_per_mean_user_epoch1": 0.7852883699876034, "ENV_Test_accuracy_per_mean_user_and_bot_epoch1": 0.8186979055211187, "ENV_Train_TotalLoss_epoch2": 1054.570562164017, "ENV_Train_Right action_epoch2": 0.7784965767779796, "ENV_Train_Probability to choose the right action_epoch2": 0.6969259127446188, "ENV_Train_Weighted right action_epoch2": 0.7784965767779796, "ENV_Train_Weighted probability to choose the right action:_epoch2": 0.6969259127446188, "ENV_Test_TotalLoss_epoch2": 239.53563404080748, "ENV_Test_Right action_epoch2": 0.771904, "ENV_Test_Probability to choose the right action_epoch2": 0.7105684050116037, "ENV_Test_Weighted right action_epoch2": 0.8182085431576959, "ENV_Test_Weighted probability to choose the right action:_epoch2": 0.7529499683702986, "ENV_Test_proba_accuracy_epoch2": 0.7105684050116035, "ENV_Test_proba_accuracy_strategy_132_epoch2": 0.7567001826132762, "ENV_Test_proba_accuracy_strategy_23_epoch2": 0.7104931976074121, "ENV_Test_proba_accuracy_strategy_107_epoch2": 0.8072852689018065, "ENV_Test_proba_accuracy_strategy_43_epoch2": 0.7166614786329691, "ENV_Test_proba_accuracy_strategy_17_epoch2": 0.6765426120695643, "ENV_Test_proba_accuracy_strategy_93_epoch2": 0.7110764314479943, "ENV_Test_proba_accuracy_per_mean_strategy_epoch2": 0.7297931952121705, "ENV_Test_proba_accuracy_per_mean_user_epoch2": 0.7201165717330148, "ENV_Test_proba_accuracy_per_mean_user_and_bot_epoch2": 0.7529499683702996, "ENV_Test_accuracy_epoch2": 0.771904, "ENV_Test_accuracy_strategy_132_epoch2": 0.8062322946175637, "ENV_Test_accuracy_strategy_23_epoch2": 0.7765390208434318, "ENV_Test_accuracy_strategy_107_epoch2": 0.8719211822660099, "ENV_Test_accuracy_strategy_43_epoch2": 0.7830788804071247, "ENV_Test_accuracy_strategy_17_epoch2": 0.7348003629764065, "ENV_Test_accuracy_strategy_93_epoch2": 0.7680221811460258, "ENV_Test_accuracy_per_mean_strategy_epoch2": 0.7900989870427605, "ENV_Test_accuracy_per_mean_user_epoch2": 0.7830753309722854, "ENV_Test_accuracy_per_mean_user_and_bot_epoch2": 0.8182085431576965}