{"ENV_Train_TotalLoss": 1146.831174039698, "ENV_Train_TotalLoss_epoch0": 1146.831174039698, "ENV_Train_Right action": 0.756011681035085, "ENV_Train_Right action_epoch0": 0.756011681035085, "ENV_Train_Probability to choose the right action": 0.666102755850123, "ENV_Train_Probability to choose the right action_epoch0": 0.666102755850123, "ENV_Train_Weighted right action": 0.756011681035085, "ENV_Train_Weighted right action_epoch0": 0.756011681035085, "ENV_Train_Weighted probability to choose the right action:": 0.666102755850123, "ENV_Train_Weighted probability to choose the right action:_epoch0": 0.666102755850123, "_timestamp": 1723917279.935187, "_runtime": 225.5485541820526, "_step": 1, "ENV_Test_TotalLoss": 251.03243469717012, "ENV_Test_TotalLoss_epoch0": 251.03243469717012, "ENV_Test_Right action": 0.759552, "ENV_Test_Right action_epoch0": 0.759552, "ENV_Test_Probability to choose the right action": 0.6966501847514958, "ENV_Test_Probability to choose the right action_epoch0": 0.6966501847514958, "ENV_Test_Weighted right action": 0.8002213755533084, "ENV_Test_Weighted right action_epoch0": 0.8002213755533084, "ENV_Test_Weighted probability to choose the right action:": 0.7354234180669461, "ENV_Test_Weighted probability to choose the right action:_epoch0": 0.7354234180669461, "ENV_Test_proba_accuracy": 0.6966501847514951, "ENV_Test_proba_accuracy_epoch0": 0.6966501847514951, "ENV_Test_proba_accuracy_strategy_132": 0.7390945519801356, "ENV_Test_proba_accuracy_strategy_132_epoch0": 0.7390945519801356, "ENV_Test_proba_accuracy_strategy_23": 0.69746004432367, "ENV_Test_proba_accuracy_strategy_23_epoch0": 0.69746004432367, "ENV_Test_proba_accuracy_strategy_107": 0.7724196193889656, "ENV_Test_proba_accuracy_strategy_107_epoch0": 0.7724196193889656, "ENV_Test_proba_accuracy_strategy_43": 0.7044020179237912, "ENV_Test_proba_accuracy_strategy_43_epoch0": 0.7044020179237912, "ENV_Test_proba_accuracy_strategy_17": 0.6677201779541938, "ENV_Test_proba_accuracy_strategy_17_epoch0": 0.6677201779541938, "ENV_Test_proba_accuracy_strategy_93": 0.6867310289942807, "ENV_Test_proba_accuracy_strategy_93_epoch0": 0.6867310289942807, "ENV_Test_proba_accuracy_per_mean_strategy": 0.7113045734275062, "ENV_Test_proba_accuracy_per_mean_strategy_epoch0": 0.7113045734275062, "ENV_Test_proba_accuracy_per_mean_user": 0.7059474923471226, "ENV_Test_proba_accuracy_per_mean_user_epoch0": 0.7059474923471226, "ENV_Test_proba_accuracy_per_mean_user_and_bot": 0.7354234180669448, "ENV_Test_proba_accuracy_per_mean_user_and_bot_epoch0": 0.7354234180669448, "ENV_Test_accuracy": 0.759552, "ENV_Test_accuracy_epoch0": 0.759552, "ENV_Test_accuracy_strategy_132": 0.7960339943342776, "ENV_Test_accuracy_strategy_132_epoch0": 0.7960339943342776, "ENV_Test_accuracy_strategy_23": 0.7660365164000646, "ENV_Test_accuracy_strategy_23_epoch0": 0.7660365164000646, "ENV_Test_accuracy_strategy_107": 0.8440065681444991, "ENV_Test_accuracy_strategy_107_epoch0": 0.8440065681444991, "ENV_Test_accuracy_strategy_43": 0.7748091603053435, "ENV_Test_accuracy_strategy_43_epoch0": 0.7748091603053435, "ENV_Test_accuracy_strategy_17": 0.7252722323049002, "ENV_Test_accuracy_strategy_17_epoch0": 0.7252722323049002, "ENV_Test_accuracy_strategy_93": 0.732902033271719, "ENV_Test_accuracy_strategy_93_epoch0": 0.732902033271719, "ENV_Test_accuracy_per_mean_strategy": 0.7731767507934674, "ENV_Test_accuracy_per_mean_strategy_epoch0": 0.7731767507934674, "ENV_Test_accuracy_per_mean_user": 0.7681997368735742, "ENV_Test_accuracy_per_mean_user_epoch0": 0.7681997368735742, "ENV_Test_accuracy_per_mean_user_and_bot": 0.8002213755533096, "ENV_Test_accuracy_per_mean_user_and_bot_epoch0": 0.8002213755533096, "_wandb": {"runtime": 375}}